well_id,horizon,RMSE_m,NSE
"110102210003",T+1,0.185862,0.994223
"110102210004",T+1,0.089041,0.998136
"110105210002",T+1,0.073738,0.968147
"110105210004",T+1,0.119348,0.994307
"110105210023",T+1,0.220447,0.959990
"110105210024",T+1,0.247887,0.891605
"110106210001",T+1,0.106219,0.995666
"110106210003",T+1,0.111830,0.996529
"110106210006",T+1,0.134737,0.996348
"110107210001",T+1,0.217270,0.997810
"110107210002",T+1,0.315564,0.994171
"110107210003",T+1,0.197050,0.998458
"110108210001",T+1,0.121104,0.996922
"110108210003",T+1,0.443625,0.933917
"110108210006",T+1,0.546051,0.898408
"110108210008",T+1,0.857638,0.850890
"110108210011",T+1,0.435821,0.997590
"110108210013",T+1,0.483962,0.343474
"110108210016",T+1,0.796031,0.979205
"110111210001",T+1,0.193380,0.972361
"110111210006",T+1,0.115512,0.986519
"110111210007",T+1,0.238077,0.949810
"110111210008",T+1,0.073627,0.993467
"110111210009",T+1,0.358302,0.947361
"110111210010",T+1,0.359302,0.942580
"110111210012",T+1,0.501725,0.910869
"110111210013",T+1,0.458331,0.937178
"110111210014",T+1,0.151611,0.973542
"110111210015",T+1,0.215196,0.980435
"110111210016",T+1,0.161515,0.985207
"110112210004",T+1,0.072920,0.994302
"110112210005",T+1,0.362892,0.605687
"110112210007",T+1,0.188924,0.964137
"110112210008",T+1,0.214549,0.973157
"110112210009",T+1,0.314475,0.942969
"110112210012",T+1,0.517519,0.904963
"110112210015",T+1,0.390526,0.932941
"110112210019",T+1,0.373506,0.934712
"110112210022",T+1,0.704023,0.902941
"110112210024",T+1,0.295529,0.923875
"110113210001",T+1,0.192910,0.993886
"110113210004",T+1,0.237847,0.917429
"110113210007",T+1,0.514396,0.993581
"110113210010",T+1,0.815689,0.908064
"110113210013",T+1,0.285248,0.997647
"110113210017",T+1,0.122748,0.989259
"110113210021",T+1,0.081887,0.990557
"110113210026",T+1,0.109096,0.977546
"110113210027",T+1,0.218644,0.998771
"110113210028",T+1,0.247039,0.997821
"110113210029",T+1,0.316290,0.996422
"110113210030",T+1,0.222566,0.998929
"110113210033",T+1,0.067889,0.997900
"110113210035",T+1,0.108362,0.998656
"110113210036",T+1,0.420535,0.993871
"110113210037",T+1,0.105696,0.985939
"110113210041",T+1,0.124722,0.995662
"110113210044",T+1,0.197574,0.998017
"110113210045",T+1,0.139888,0.995317
"110113210047",T+1,0.406996,0.962431
"110113210050",T+1,0.105550,0.982999
"110113210054",T+1,0.794432,0.939510
"110113210056",T+1,0.166320,0.998445
"110114210001",T+1,0.028445,0.998081
"110114210005",T+1,0.304382,0.926747
"110114210007",T+1,1.141913,0.516919
"110114210009",T+1,0.193776,0.975985
"110114210013",T+1,0.250698,0.981101
"110114210018",T+1,0.186625,0.991482
"110114210019",T+1,0.185842,0.990513
"110114210022",T+1,0.127465,0.995372
"110114210030",T+1,0.134958,0.997489
"110114210032",T+1,0.241734,0.990538
"110114210036",T+1,0.069557,0.994975
"110114210037",T+1,0.119801,0.975546
"110115210003",T+1,0.095432,0.994120
"110115210004",T+1,0.180652,0.930964
"110115210006",T+1,0.142812,0.989513
"110115210008",T+1,0.044775,0.972845
"110115210010",T+1,0.089213,0.938950
"110115210012",T+1,0.217118,0.897828
"110115210015",T+1,0.223502,0.971222
"110115210019",T+1,0.108605,0.961777
"110115210021",T+1,0.143080,0.994784
"110115210022",T+1,0.122554,0.946322
"110115210025",T+1,0.156712,0.990766
"110116210001",T+1,0.262320,0.998405
"110116210002",T+1,0.212127,0.998725
"110116210003",T+1,0.241561,0.998736
"110116210004",T+1,0.105942,0.995548
"110116210008",T+1,0.394202,0.995940
"110117210001",T+1,0.247312,0.997434
"110117210004",T+1,0.758196,0.949045
"110117210006",T+1,0.291965,0.995635
"110117210007",T+1,0.208747,0.998144
"110117210014",T+1,0.601892,0.996011
"110117210015",T+1,0.360332,0.997682
"110117210016",T+1,0.351195,0.998156
"110117210020",T+1,0.291957,0.998239
"110117210022",T+1,0.552820,0.979602
"110228210001",T+1,0.509728,0.988823
"110228210002",T+1,0.649989,0.953837
"110228210003",T+1,0.277811,0.997525
"110228210005",T+1,0.218264,0.997746
"120107210350",T+1,0.089396,0.964404
"120107210359",T+1,0.234375,0.934661
"120108210355",T+1,0.164016,0.804884
"120108210364",T+1,0.095865,0.978771
"120108210366",T+1,1.183739,0.768608
"120109210426",T+1,1.895619,0.901461
"120110210004",T+1,0.514813,0.841274
"120110210120",T+1,0.073223,0.990402
"120110210122",T+1,0.116466,0.954452
"120110210129",T+1,0.159875,0.840862
"120111210303",T+1,0.133428,0.934590
"120111210304",T+1,0.377628,0.923030
"120111210305",T+1,0.172575,0.493858
"120111210312",T+1,0.310740,0.738511
"120112210023",T+1,0.076127,0.981614
"120112210036",T+1,0.137809,0.885098
"120112210105",T+1,0.353734,0.937451
"120112210107",T+1,0.125383,0.842124
"120112210108",T+1,0.326930,0.734728
"120112210109",T+1,0.699055,0.886128
"120112210110",T+1,0.297729,0.779575
"120112210112",T+1,0.066747,0.970308
"120113210006",T+1,0.140301,0.806847
"120114210009",T+1,0.117718,0.529466
"120115210010",T+1,0.877336,0.971553
"120116210052",T+1,0.201544,0.886694
"120116210054",T+1,0.040327,0.903468
"120116210061",T+1,0.353808,0.705030
"120116210063",T+1,0.023099,0.981779
"120116210064",T+1,0.098255,0.913177
"120116210068",T+1,0.316263,0.976544
"120116210069",T+1,0.198914,0.950755
"120116210075",T+1,0.075360,0.507755
"120116210076",T+1,0.142442,0.102513
"120221210003",T+1,0.148510,0.913772
"120221210036",T+1,0.107280,0.924121
"120221210037",T+1,0.128339,0.870428
"120221210039",T+1,0.164683,0.860059
"120221210041",T+1,0.138157,0.902866
"120221210042",T+1,0.113695,0.940882
"120221210044",T+1,0.099623,0.966813
"120221210046",T+1,0.234151,0.849433
"120221210049",T+1,0.426958,0.819263
"120221210051",T+1,0.117525,0.955365
"120221210214",T+1,0.222989,0.878686
"120221210346",T+1,0.122928,0.947557
"120222210001",T+1,0.296516,0.788362
"120222210024",T+1,0.237497,0.765327
"120222210044",T+1,0.078313,0.992813
"120222210045",T+1,0.255866,0.937756
"120222210103",T+1,1.197091,0.766289
"120222210107",T+1,0.083295,0.969069
"120222210113",T+1,0.146183,0.908826
"120222210117",T+1,0.100272,0.827594
"120222210118",T+1,0.310866,0.903930
"120222210127",T+1,0.063744,0.986391
"120222210131",T+1,1.359361,0.731026
"120222210135",T+1,1.142968,0.886932
"120222210136",T+1,0.445272,0.883406
"120222210140",T+1,0.303598,0.823708
"120222210141",T+1,0.334305,0.773184
"120222210142",T+1,0.205712,0.875003
"120222210143",T+1,0.118401,0.808596
"120222210153",T+1,0.160297,0.822154
"120222210155",T+1,0.337909,0.878045
"120222210162",T+1,0.170966,0.786464
"120223210044",T+1,0.082694,0.869970
"120223210049",T+1,0.419761,0.887282
"120223210057",T+1,0.125454,0.707507
"120223210067",T+1,0.096028,0.908992
"120223210069",T+1,0.146868,0.829692
"120224210009",T+1,0.027744,0.976751
"120224210029",T+1,0.064309,0.887782
"120224210030",T+1,0.098717,0.910206
"120224210032",T+1,0.163718,0.840504
"120224210033",T+1,0.414586,0.802948
"120224210034",T+1,0.221611,0.725647
"120224210037",T+1,0.234679,0.749415
"120224210138",T+1,0.177776,0.956980
"120224210214",T+1,0.148486,0.968429
"120224210220",T+1,0.106563,0.935605
"120224210222",T+1,0.223915,0.782484
"120224210223",T+1,0.330388,0.199320
"120224210228",T+1,0.100766,0.990527
"120224210230",T+1,0.140852,0.870969
"120224210237",T+1,0.189365,0.748894
"120224210239",T+1,0.017809,0.995448
"120224210240",T+1,0.115969,0.845671
"120224210242",T+1,0.467081,0.758782
"120224210243",T+1,0.153686,0.659165
"120224210244",T+1,0.157502,0.621558
"120224210251",T+1,0.508170,0.806313
"120224210308",T+1,0.127551,0.695744
"120224210312",T+1,0.157869,0.950736
"120225210011",T+1,0.422043,0.489515
"120225210013",T+1,0.368497,0.794016
"120225210017",T+1,0.506779,0.702923
"120225210069",T+1,1.391380,0.570789
"120225210070",T+1,0.400175,0.937319
"120225210071",T+1,1.059867,0.733376
"120225210072",T+1,0.195209,0.869772
"120225210073",T+1,0.273596,0.848222
"120225210074",T+1,0.432030,0.925603
"120225210076",T+1,0.191636,0.883628
"120225210077",T+1,0.368652,0.536205
"120225210078",T+1,0.322821,0.740385
"120225210114",T+1,0.419004,0.896156
"120225210216",T+1,1.232422,0.443315
"120225210218",T+1,0.733677,0.835884
"120225210326",T+1,0.325807,0.862774
"120225210327",T+1,0.492542,0.238477
"120225210328",T+1,0.102136,0.826898
"120225210329",T+1,0.670965,0.691617
"120225210337",T+1,0.073883,0.997297
"120225210341",T+1,0.575728,0.847655
"120225210342",T+1,0.147548,0.865518
"120225210343",T+1,0.728232,0.817924
"120225210344",T+1,0.181600,0.937222
"120225210346",T+1,0.647003,0.734545
"120225210348",T+1,0.378598,0.879431
"120225210349",T+1,0.190849,0.754551
"130108210244",T+1,0.061833,0.997076
"130108210247",T+1,0.314877,0.863799
"130108210262",T+1,0.039029,0.998465
"130123210308",T+1,0.070586,0.993771
"130129210599",T+1,0.469692,0.997461
"130132210417",T+1,0.188157,0.996524
"130132210602",T+1,0.212081,0.996118
"130133210236",T+1,0.307191,0.800745
"130133210603",T+1,0.457826,0.693847
"130181210400",T+1,0.410035,0.910286
"130181210403",T+1,0.481279,0.888955
"130181210405",T+1,0.209296,0.976769
"130181210406",T+1,0.232704,0.953466
"130182210227",T+1,0.409778,0.920720
"130182210606",T+1,0.204608,0.986850
"130183210608",T+1,0.323165,0.857278
"130200210377",T+1,0.437085,0.985708
"130200210380",T+1,0.231926,0.962224
"130200210383",T+1,0.750413,0.658518
"130200210395",T+1,0.823735,0.795414
"130200210441",T+1,0.283817,0.982598
"130201210445",T+1,0.237664,0.964454
"130201210458",T+1,0.268203,0.847032
"130208210438",T+1,0.232710,0.957713
"130223210470",T+1,0.348294,0.818573
"130224210490",T+1,0.505407,0.929852
"130225210428",T+1,0.080356,0.973702
"130225210447",T+1,0.117609,0.984045
"130225210449",T+1,0.348283,0.873928
"130225210450",T+1,0.226748,0.957507
"130225210452",T+1,0.090216,0.978337
"130225210453",T+1,0.200754,0.919491
"130225210502",T+1,0.194320,0.955981
"130225210504",T+1,0.140187,0.977495
"130225210515",T+1,0.191618,0.955844
"130229210427",T+1,0.373004,0.960172
"130230210478",T+1,0.126083,0.838604
"130230210485",T+1,0.528357,0.961089
"130230210491",T+1,0.217133,0.943291
"130230210494",T+1,0.105823,0.941796
"130283210472",T+1,0.152906,0.951487
"130304210544",T+1,0.090628,0.936486
"130304210547",T+1,0.113247,0.930348
"130304210550",T+1,0.116783,0.888506
"130322210354",T+1,0.238947,0.962748
"130322210356",T+1,0.126455,0.962530
"130322210521",T+1,0.149792,0.955526
"130322210522",T+1,0.160074,0.956677
"130322210531",T+1,0.155971,0.933500
"130402210207",T+1,0.371136,0.940051
"130421210212",T+1,0.109593,0.893348
"130421210213",T+1,0.298519,0.953500
"130421210214",T+1,0.367541,0.907386
"130421210215",T+1,0.545933,0.929793
"130421210216",T+1,0.074816,0.769120
"130423210224",T+1,0.241587,0.939253
"130425210193",T+1,0.125918,0.957346
"130425210194",T+1,1.120185,0.577702
"130425210197",T+1,0.227842,0.823193
"130427210187",T+1,0.339870,0.974957
"130428210200",T+1,0.826838,0.959144
"130430210228",T+1,0.695988,0.900241
"130435210230",T+1,0.469201,0.972642
"130523210514",T+1,0.266342,0.958631
"130524210495",T+1,1.657279,0.836877
"130524210497",T+1,0.243062,0.845803
"130525210505",T+1,2.002045,0.922495
"130525210510",T+1,0.368142,0.576159
"130525210511",T+1,0.586740,0.981909
"130525210512",T+1,1.117159,0.940399
"130526210540",T+1,1.363268,0.922916
"130526210605",T+1,0.728553,0.989060
"130527210518",T+1,0.334131,0.963464
"130527210519",T+1,0.260277,0.970669
"130529210500",T+1,0.424438,0.891046
"130530210546",T+1,0.481443,0.675205
"130530210548",T+1,1.365872,0.742001
"130532210527",T+1,0.554844,0.955850
"130532210530",T+1,0.141386,0.976336
"130532210532",T+1,0.944090,0.923066
"130533210498",T+1,0.053938,0.981082
"130533210541",T+1,0.386167,0.868730
"130534210534",T+1,0.236856,0.729217
"130534210535",T+1,0.253607,0.917104
"130535210506",T+1,0.231429,0.969984
"130535210513",T+1,0.570653,0.912690
"130581210516",T+1,0.309339,0.913027
"130602210019",T+1,0.244491,0.855047
"130602210040",T+1,0.389813,0.913249
"130602210121",T+1,0.364219,0.934634
"130602210132",T+1,0.374875,0.909579
"130602210136",T+1,0.226153,0.912735
"130602210146",T+1,0.466268,0.891905
"130602210153",T+1,0.461495,0.883924
"130602210155",T+1,0.367753,0.927679
"130602210158",T+1,0.397456,0.940173
"130621210036",T+1,0.396636,0.955732
"130621210037",T+1,0.467446,0.965077
"130621210120",T+1,0.291436,0.985519
"130621210121",T+1,0.474019,0.923916
"130625210055",T+1,0.913970,0.379531
"130625210198",T+1,0.400690,0.986451
"130626210011",T+1,0.178117,0.977426
"130626210012",T+1,0.648311,0.890386
"130626210014",T+1,0.148584,0.974573
"130626210196",T+1,0.220037,0.920259
"130628210021",T+1,0.220967,0.970960
"130628210023",T+1,0.469507,0.840359
"130631210049",T+1,0.286709,0.895425
"130631210050",T+1,0.177241,0.946461
"130631210189",T+1,0.489789,0.655763
"130632210008",T+1,0.267880,0.933021
"130634210044",T+1,0.745564,-0.054369
"130635210033",T+1,0.643530,0.942189
"130636210047",T+1,0.217768,0.720191
"130638210005",T+1,0.508137,0.925850
"130638210053",T+1,0.279713,0.956276
"130681210059",T+1,0.440046,0.946421
"130681210061",T+1,0.135696,0.956440
"130681210063",T+1,0.251130,0.970600
"130682210018",T+1,0.221690,0.793582
"130682210174",T+1,0.179993,0.950710
"130682210175",T+1,0.195278,0.957308
"130683210003",T+1,0.525590,0.777207
"130902210035",T+1,0.113302,0.947341
"130902210039",T+1,0.187998,0.843431
"130902210041",T+1,0.168773,0.905329
"130902210042",T+1,0.166405,0.871639
"130902210043",T+1,0.166634,0.867887
"130902210481",T+1,0.072464,0.941518
"130903210131",T+1,0.304569,0.915525
"130903210152",T+1,0.308947,0.968444
"130921210073",T+1,0.280425,0.958100
"130921210077",T+1,0.114433,0.983151
"130921210078",T+1,0.119054,0.943520
"130921210079",T+1,0.207470,0.561048
"130921210085",T+1,0.134649,0.979795
"130921210089",T+1,0.131051,0.973113
"130922210137",T+1,0.200037,0.828835
"130922210138",T+1,0.146187,0.921295
"130922210142",T+1,0.218328,0.980062
"130923210093",T+1,0.248165,0.978998
"130924210476",T+1,0.112378,0.954250
"130924210477",T+1,0.036849,0.945682
"130925210160",T+1,0.213812,0.933112
"130925210162",T+1,0.345693,0.957354
"130925210165",T+1,0.574369,0.597118
"130927210134",T+1,0.578915,0.911879
"130927210135",T+1,0.404001,0.922142
"130928210094",T+1,0.280061,0.984406
"130929210159",T+1,0.084231,0.994054
"130981210065",T+1,0.191635,0.988442
"130981210069",T+1,1.239150,0.981218
"130981210070",T+1,0.126863,0.996454
"130981210072",T+1,0.549902,0.852056
"130982210143",T+1,0.229202,0.928941
"130982210144",T+1,0.314220,0.881413
"130982210145",T+1,0.181015,0.980872
"130982210147",T+1,0.136673,0.949830
"130982210151",T+1,1.534981,0.939117
"130983210118",T+1,0.337529,0.834038
"130983210486",T+1,0.119877,0.951898
"130983210487",T+1,0.098780,0.911367
"130984210101",T+1,0.070491,0.988056
"130984210105",T+1,0.149407,0.976205
"130984210109",T+1,0.219805,0.832622
"131001210336",T+1,0.102390,0.950574
"131002210316",T+1,0.361817,0.904564
"131002210327",T+1,0.118940,0.968923
"131002210328",T+1,0.061324,0.986692
"131002210471",T+1,0.116752,0.986548
"131003210322",T+1,0.090852,0.989585
"131022210313",T+1,0.355794,0.953530
"131023210348",T+1,0.302201,0.935598
"131023210352",T+1,0.580653,0.948849
"131024210342",T+1,0.449503,0.911634
"131024210343",T+1,0.520696,0.877288
"131025210319",T+1,0.170146,0.952430
"131026210340",T+1,0.731611,0.599489
"131026210341",T+1,0.120919,0.961963
"131081210307",T+1,0.141316,0.984819
"131082210331",T+1,2.827801,0.189826
"131082210335",T+1,0.990970,0.966552
"131102210002",T+1,0.114439,0.895293
"131102210353",T+1,0.515579,0.600531
"131102210357",T+1,0.295248,0.949724
"131121210295",T+1,0.145773,0.987938
"131122210292",T+1,0.609908,0.959219
"131123210288",T+1,0.541958,0.965894
"131127210271",T+1,1.078789,0.812666
"131127210277",T+1,0.577718,0.709220
"131182210283",T+1,0.250410,0.752646
"131182210302",T+1,0.222644,0.978943
"370125210005",T+1,0.830368,0.747422
"370125210006",T+1,0.595061,0.480436
"370126210003",T+1,0.567440,0.809863
"370126210006",T+1,0.266966,0.942735
"370503210002",T+1,0.060123,0.960425
"370503210003",T+1,0.029138,0.923301
"371402210001",T+1,0.881072,0.847668
"371402210004",T+1,0.294551,0.931414
"371402210009",T+1,0.175140,0.952507
"371402210012",T+1,0.234356,0.975224
"371421210001",T+1,0.200125,0.847817
"371421210002",T+1,0.872865,0.712896
"371421210006",T+1,0.150036,0.983291
"371421210007",T+1,0.238244,0.818286
"371421210008",T+1,0.221279,0.952371
"371421210009",T+1,0.663651,0.881813
"371421210010",T+1,0.543513,0.891166
"371421210012",T+1,0.444729,0.904738
"371422210001",T+1,1.022086,0.897409
"371423210001",T+1,0.090071,0.965429
"371423210002",T+1,0.186475,0.843606
"371423210003",T+1,0.172434,0.671783
"371424210001",T+1,0.366402,0.875311
"371424210002",T+1,1.135594,0.574223
"371424210004",T+1,0.246026,0.937701
"371424210007",T+1,0.209441,0.825532
"371425210001",T+1,0.231659,0.952232
"371425210006",T+1,1.056735,0.713333
"371426210001",T+1,0.288015,0.781701
"371426210002",T+1,0.250075,0.884421
"371426210003",T+1,0.478786,0.853744
"371427210001",T+1,0.500283,0.935387
"371427210004",T+1,0.793260,0.814241
"371427210005",T+1,0.475559,0.828631
"371427210006",T+1,0.433598,0.974718
"371427210007",T+1,0.406215,0.924473
"371428210003",T+1,0.324834,0.971834
"371428210006",T+1,0.405690,0.935412
"371481210006",T+1,0.276659,0.950253
"371481210007",T+1,0.240161,0.967231
"371481210008",T+1,0.260407,0.887622
"371481210010",T+1,0.099003,0.971281
"371481210011",T+1,0.190330,0.917602
"371482210004",T+1,0.334682,0.855816
"371482210005",T+1,0.330983,0.859981
"371502210001",T+1,0.306492,0.921617
"371502210004",T+1,0.513876,0.809425
"371502210007",T+1,0.300899,0.982037
"371502210008",T+1,0.410770,0.920765
"371502210010",T+1,0.374723,0.940079
"371502210011",T+1,0.479320,0.938284
"371521210001",T+1,0.953331,0.891667
"371521210002",T+1,0.575683,0.718328
"371522210002",T+1,0.098263,0.973330
"371522210004",T+1,0.828674,0.359282
"371522210006",T+1,1.076042,0.911382
"371523210004",T+1,0.647327,0.959471
"371524210001",T+1,0.406607,0.923894
"371524210002",T+1,0.902303,0.816550
"371524210003",T+1,0.779642,0.877032
"371525210001",T+1,0.280664,0.929677
"371525210003",T+1,0.885606,0.934936
"371526210001",T+1,0.440492,0.886611
"371526210004",T+1,0.365309,0.959498
"371526210006",T+1,0.324026,0.952420
"371581210001",T+1,0.399245,0.925668
"371581210003",T+1,1.404798,0.889677
"371581210004",T+1,0.719934,0.948315
"371581210005",T+1,0.909998,0.789652
"371581210006",T+1,0.735659,0.946310
"371603210001",T+1,0.106277,0.883971
"371603210002",T+1,0.574654,0.701146
"371603210004",T+1,0.074953,0.899902
"371603210006",T+1,0.151064,0.916640
"371621210001",T+1,0.218292,0.953452
"371621210005",T+1,0.149989,0.847898
"371621210006",T+1,0.204407,0.923860
"371621210010",T+1,0.310639,0.900586
"371621210012",T+1,0.268059,0.929651
"371622210001",T+1,0.162806,0.909391
"371622210004",T+1,0.205137,0.826653
"371623210001",T+1,0.086642,0.903359
"371623210002",T+1,0.101489,0.933874
"371624210001",T+1,0.134157,0.915668
"371624210004",T+1,0.256513,0.872123
"371624210005",T+1,1.156376,0.950911
"371624210006",T+1,0.117498,0.978762
"371624210007",T+1,0.213061,0.850297
"371625210006",T+1,1.039884,0.782782
"410502210001",T+1,0.364299,0.925953
"410522210003",T+1,2.767642,0.868146
"410522210004",T+1,0.547311,0.982509
"410523210001",T+1,0.777246,0.869667
"410523210003",T+1,4.465303,0.952226
"410526210001",T+1,0.081464,0.953897
"410526210002",T+1,0.080330,0.992823
"410526210003",T+1,0.071218,0.984721
"410526210004",T+1,0.098769,0.944352
"410526210005",T+1,0.110117,0.952083
"410526210006",T+1,0.581072,0.463708
"410526210007",T+1,0.037813,0.969989
"410526210008",T+1,0.714935,0.923517
"410526210009",T+1,0.056602,0.983680
"410526210011",T+1,0.341439,0.417888
"410526210012",T+1,0.810783,0.486484
"410527210001",T+1,0.222490,0.988509
"410527210002",T+1,0.075694,0.991636
"410527210003",T+1,0.484401,0.782780
"410527210005",T+1,0.240872,0.962064
"410527210006",T+1,0.082745,0.981285
"410527210007",T+1,0.055749,0.961550
"410527210009",T+1,0.201815,0.921747
"410621210002",T+1,0.539816,0.911696
"410621210006",T+1,0.400822,0.932837
"410622210001",T+1,0.841475,0.973275
"410725210001",T+1,0.206285,0.980027
"410725210002",T+1,0.201692,0.964083
"410726210001",T+1,0.958779,0.826671
"410726210002",T+1,0.086060,0.984395
"410726210004",T+1,0.089571,0.993248
"410727210001",T+1,0.288530,0.935644
"410727210002",T+1,0.558655,0.878627
"410728210001",T+1,0.612594,0.862917
"410728210002",T+1,0.389945,0.850658
"410781210001",T+1,0.653652,0.993010
"410781210002",T+1,0.164132,0.995182
"410922210001",T+1,0.083573,0.982407
"410922210002",T+1,0.081071,0.988962
"410922210003",T+1,0.369694,0.858634
"410922210004",T+1,0.105454,0.988265
"410923210001",T+1,0.322115,0.933736
"410923210003",T+1,1.207822,0.709751
"410926210001",T+1,0.423860,0.861736
"410926210002",T+1,0.891475,0.875507
"410926210003",T+1,0.336468,0.972256
"410927210001",T+1,0.479431,0.798203
"410927210002",T+1,0.205765,0.904931
"410928210001",T+1,0.631469,0.910732
"410928210003",T+1,0.496744,0.801664
"410928210004",T+1,0.404313,0.824275
"410928210005",T+1,0.570873,0.802385
"410928210006",T+1,0.694441,0.825744
"410928210007",T+1,0.288507,0.900317
"110102210003",T+2,0.225601,0.991465
"110102210004",T+2,0.147765,0.994889
"110105210002",T+2,0.099891,0.941662
"110105210004",T+2,0.210381,0.982490
"110105210023",T+2,0.333020,0.908600
"110105210024",T+2,0.358299,0.779290
"110106210001",T+2,0.181331,0.987323
"110106210003",T+2,0.167554,0.992247
"110106210006",T+2,0.210345,0.991156
"110107210001",T+2,0.405458,0.992319
"110107210002",T+2,0.592683,0.979374
"110107210003",T+2,0.374761,0.994372
"110108210001",T+2,0.196011,0.991808
"110108210003",T+2,0.616127,0.873530
"110108210006",T+2,0.817712,0.775101
"110108210008",T+2,0.881603,0.842666
"110108210011",T+2,0.797413,0.991933
"110108210013",T+2,0.591968,0.047397
"110108210016",T+2,1.227424,0.950377
"110111210001",T+2,0.277292,0.942718
"110111210006",T+2,0.184174,0.965423
"110111210007",T+2,0.364189,0.882907
"110111210008",T+2,0.132103,0.978692
"110111210009",T+2,0.548110,0.876939
"110111210010",T+2,0.621038,0.828455
"110111210012",T+2,0.772533,0.789298
"110111210013",T+2,0.609364,0.888682
"110111210014",T+2,0.233401,0.936882
"110111210015",T+2,0.351560,0.948346
"110111210016",T+2,0.229580,0.970160
"110112210004",T+2,0.110255,0.986839
"110112210005",T+2,0.511203,0.216220
"110112210007",T+2,0.278187,0.919148
"110112210008",T+2,0.344132,0.931485
"110112210009",T+2,0.492426,0.861248
"110112210012",T+2,0.710034,0.822768
"110112210015",T+2,0.578542,0.853960
"110112210019",T+2,0.594274,0.835610
"110112210022",T+2,0.989204,0.809109
"110112210024",T+2,0.443081,0.830308
"110113210001",T+2,0.360272,0.978696
"110113210004",T+2,0.348831,0.823675
"110113210007",T+2,0.768834,0.985585
"110113210010",T+2,1.204919,0.801377
"110113210013",T+2,0.505583,0.992497
"110113210017",T+2,0.225408,0.963241
"110113210021",T+2,0.113385,0.981771
"110113210026",T+2,0.163409,0.949562
"110113210027",T+2,0.402786,0.995790
"110113210028",T+2,0.473632,0.991882
"110113210029",T+2,0.615539,0.986443
"110113210030",T+2,0.451467,0.995525
"110113210033",T+2,0.111725,0.994322
"110113210035",T+2,0.205781,0.995206
"110113210036",T+2,0.672374,0.984380
"110113210037",T+2,0.166365,0.965307
"110113210041",T+2,0.204570,0.988468
"110113210044",T+2,0.342627,0.994090
"110113210045",T+2,0.236507,0.986799
"110113210047",T+2,0.648650,0.905405
"110113210050",T+2,0.151204,0.965879
"110113210054",T+2,1.144837,0.882987
"110113210056",T+2,0.306613,0.994728
"110114210001",T+2,0.046512,0.994932
"110114210005",T+2,0.460146,0.833922
"110114210007",T+2,1.122557,0.533955
"110114210009",T+2,0.327909,0.930092
"110114210013",T+2,0.433187,0.942780
"110114210018",T+2,0.355232,0.968997
"110114210019",T+2,0.355581,0.965169
"110114210022",T+2,0.225935,0.985442
"110114210030",T+2,0.249047,0.991505
"110114210032",T+2,0.422572,0.970663
"110114210036",T+2,0.120371,0.984920
"110114210037",T+2,0.213164,0.922110
"110115210003",T+2,0.162264,0.982943
"110115210004",T+2,0.270753,0.849312
"110115210006",T+2,0.231362,0.973369
"110115210008",T+2,0.049587,0.967059
"110115210010",T+2,0.143169,0.841779
"110115210012",T+2,0.251680,0.870277
"110115210015",T+2,0.339683,0.934276
"110115210019",T+2,0.176285,0.899101
"110115210021",T+2,0.260011,0.982717
"110115210022",T+2,0.166668,0.901698
"110115210025",T+2,0.254450,0.975914
"110116210001",T+2,0.498261,0.994145
"110116210002",T+2,0.440091,0.994429
"110116210003",T+2,0.473916,0.995057
"110116210004",T+2,0.151714,0.991007
"110116210008",T+2,0.754923,0.984793
"110117210001",T+2,0.441017,0.991789
"110117210004",T+2,0.983488,0.914700
"110117210006",T+2,0.407912,0.991486
"110117210007",T+2,0.401471,0.993099
"110117210014",T+2,1.096048,0.986590
"110117210015",T+2,0.688108,0.991510
"110117210016",T+2,0.710159,0.992404
"110117210020",T+2,0.578354,0.993042
"110117210022",T+2,0.898024,0.945902
"110228210001",T+2,0.891891,0.964887
"110228210002",T+2,1.049966,0.880333
"110228210003",T+2,0.528280,0.990890
"110228210005",T+2,0.427033,0.991210
"120107210350",T+2,0.143860,0.907638
"120107210359",T+2,0.400559,0.815226
"120108210355",T+2,0.240680,0.581999
"120108210364",T+2,0.162170,0.938620
"120108210366",T+2,1.202245,0.760845
"120109210426",T+2,3.167365,0.725883
"120110210004",T+2,0.814970,0.605758
"120110210120",T+2,0.118304,0.974633
"120110210122",T+2,0.179106,0.892000
"120110210129",T+2,0.260113,0.578731
"120111210303",T+2,0.221683,0.817211
"120111210304",T+2,0.559447,0.830874
"120111210305",T+2,0.215939,0.204336
"120111210312",T+2,0.437957,0.479516
"120112210023",T+2,0.121298,0.953066
"120112210036",T+2,0.192906,0.775024
"120112210105",T+2,0.551629,0.847820
"120112210107",T+2,0.182824,0.661388
"120112210108",T+2,0.392458,0.622234
"120112210109",T+2,1.024768,0.755485
"120112210110",T+2,0.423717,0.543830
"120112210112",T+2,0.103186,0.929321
"120113210006",T+2,0.187464,0.645286
"120114210009",T+2,0.146761,0.267963
"120115210010",T+2,1.243331,0.943024
"120116210052",T+2,0.315704,0.722256
"120116210054",T+2,0.058024,0.799370
"120116210061",T+2,0.503427,0.403320
"120116210063",T+2,0.035601,0.957420
"120116210064",T+2,0.150974,0.797806
"120116210068",T+2,0.549694,0.930187
"120116210069",T+2,0.298224,0.889019
"120116210075",T+2,0.115690,-0.179788
"120116210076",T+2,0.162909,-0.197227
"120221210003",T+2,0.219803,0.811846
"120221210036",T+2,0.190519,0.775569
"120221210037",T+2,0.197168,0.690780
"120221210039",T+2,0.223195,0.741706
"120221210041",T+2,0.195185,0.808087
"120221210042",T+2,0.161282,0.881314
"120221210044",T+2,0.147434,0.926346
"120221210046",T+2,0.314974,0.725803
"120221210049",T+2,0.609381,0.608152
"120221210051",T+2,0.163198,0.913898
"120221210214",T+2,0.367613,0.670550
"120221210346",T+2,0.178979,0.889594
"120222210001",T+2,0.459511,0.491050
"120222210024",T+2,0.345703,0.509707
"120222210044",T+2,0.125329,0.981355
"120222210045",T+2,0.400463,0.846779
"120222210103",T+2,1.530878,0.653644
"120222210107",T+2,0.131370,0.923393
"120222210113",T+2,0.215056,0.803839
"120222210117",T+2,0.167190,0.519587
"120222210118",T+2,0.460649,0.787449
"120222210127",T+2,0.117732,0.953231
"120222210131",T+2,1.912396,0.457715
"120222210135",T+2,1.556219,0.791135
"120222210136",T+2,0.754990,0.662017
"120222210140",T+2,0.445360,0.623607
"120222210141",T+2,0.521148,0.445756
"120222210142",T+2,0.279099,0.785847
"120222210143",T+2,0.198108,0.609394
"120222210153",T+2,0.221692,0.689960
"120222210155",T+2,0.430788,0.801638
"120222210162",T+2,0.227998,0.622366
"120223210044",T+2,0.113010,0.757062
"120223210049",T+2,0.672302,0.712768
"120223210057",T+2,0.179662,0.399719
"120223210067",T+2,0.140118,0.805904
"120223210069",T+2,0.194404,0.699231
"120224210009",T+2,0.041994,0.946586
"120224210029",T+2,0.107787,0.683377
"120224210030",T+2,0.156290,0.774742
"120224210032",T+2,0.244539,0.641591
"120224210033",T+2,0.568031,0.639824
"120224210034",T+2,0.290195,0.536830
"120224210037",T+2,0.332674,0.496919
"120224210138",T+2,0.269777,0.900994
"120224210214",T+2,0.258386,0.903752
"120224210220",T+2,0.161615,0.851896
"120224210222",T+2,0.330075,0.522097
"120224210223",T+2,0.424183,-0.328195
"120224210228",T+2,0.170326,0.972608
"120224210230",T+2,0.209308,0.712854
"120224210237",T+2,0.273120,0.476282
"120224210239",T+2,0.029360,0.987558
"120224210240",T+2,0.164013,0.692134
"120224210242",T+2,0.639130,0.546329
"120224210243",T+2,0.224549,0.274150
"120224210244",T+2,0.175047,0.541818
"120224210251",T+2,0.803112,0.521105
"120224210308",T+2,0.182359,0.378050
"120224210312",T+2,0.240044,0.886337
"120225210011",T+2,0.548213,0.132444
"120225210013",T+2,0.519506,0.601862
"120225210017",T+2,0.736341,0.367984
"120225210069",T+2,1.845205,0.237700
"120225210070",T+2,0.569116,0.872371
"120225210071",T+2,1.459207,0.485985
"120225210072",T+2,0.277103,0.735572
"120225210073",T+2,0.416474,0.645608
"120225210074",T+2,0.615326,0.847723
"120225210076",T+2,0.270194,0.784494
"120225210077",T+2,0.487353,0.207197
"120225210078",T+2,0.463954,0.459069
"120225210114",T+2,0.575216,0.804494
"120225210216",T+2,1.692633,-0.068566
"120225210218",T+2,1.061920,0.655128
"120225210326",T+2,0.353344,0.838210
"120225210327",T+2,0.657510,-0.405728
"120225210328",T+2,0.155986,0.599091
"120225210329",T+2,0.854248,0.527439
"120225210337",T+2,0.143979,0.989672
"120225210341",T+2,0.736667,0.748755
"120225210342",T+2,0.195132,0.765815
"120225210343",T+2,0.969496,0.699545
"120225210344",T+2,0.260180,0.870558
"120225210346",T+2,0.933800,0.444523
"120225210348",T+2,0.546308,0.749332
"120225210349",T+2,0.274926,0.489587
"130108210244",T+2,0.092704,0.993535
"130108210247",T+2,0.453914,0.724046
"130108210262",T+2,0.069755,0.995151
"130123210308",T+2,0.120755,0.982075
"130129210599",T+2,0.885512,0.991183
"130132210417",T+2,0.392153,0.985043
"130132210602",T+2,0.360033,0.988873
"130133210236",T+2,0.509191,0.461868
"130133210603",T+2,0.606399,0.467075
"130181210400",T+2,0.467165,0.883786
"130181210403",T+2,0.843115,0.656838
"130181210405",T+2,0.301989,0.951391
"130181210406",T+2,0.374139,0.879711
"130182210227",T+2,0.679317,0.786459
"130182210606",T+2,0.334211,0.965103
"130183210608",T+2,0.434455,0.738080
"130200210377",T+2,0.682556,0.964628
"130200210380",T+2,0.366489,0.906145
"130200210383",T+2,0.900335,0.508441
"130200210395",T+2,1.279061,0.510171
"130200210441",T+2,0.399115,0.966029
"130201210445",T+2,0.336771,0.927656
"130201210458",T+2,0.341400,0.749972
"130208210438",T+2,0.295270,0.932802
"130223210470",T+2,0.462820,0.683870
"130224210490",T+2,0.758494,0.840053
"130225210428",T+2,0.124101,0.937952
"130225210447",T+2,0.185125,0.960787
"130225210449",T+2,0.526914,0.712405
"130225210450",T+2,0.303074,0.924279
"130225210452",T+2,0.121930,0.960736
"130225210453",T+2,0.256055,0.870097
"130225210502",T+2,0.290509,0.901949
"130225210504",T+2,0.233492,0.937919
"130225210515",T+2,0.304865,0.888887
"130229210427",T+2,0.474216,0.936338
"130230210478",T+2,0.169683,0.702674
"130230210485",T+2,0.752261,0.922196
"130230210491",T+2,0.298040,0.893976
"130230210494",T+2,0.138938,0.898470
"130283210472",T+2,0.178378,0.934701
"130304210544",T+2,0.114671,0.898738
"130304210547",T+2,0.145500,0.885848
"130304210550",T+2,0.154671,0.805815
"130322210354",T+2,0.361574,0.915233
"130322210356",T+2,0.205516,0.901807
"130322210521",T+2,0.221727,0.903006
"130322210522",T+2,0.227354,0.912981
"130322210531",T+2,0.227772,0.858447
"130402210207",T+2,0.521463,0.882966
"130421210212",T+2,0.176467,0.727119
"130421210213",T+2,0.488968,0.875526
"130421210214",T+2,0.442506,0.866520
"130421210215",T+2,0.801233,0.850848
"130421210216",T+2,0.072010,0.787378
"130423210224",T+2,0.359818,0.865682
"130425210193",T+2,0.218825,0.872268
"130425210194",T+2,1.515324,0.234835
"130425210197",T+2,0.340370,0.610714
"130427210187",T+2,0.553051,0.934235
"130428210200",T+2,1.382942,0.887238
"130430210228",T+2,1.082065,0.761782
"130435210230",T+2,0.915988,0.896776
"130523210514",T+2,0.491329,0.860745
"130524210495",T+2,2.194925,0.714934
"130524210497",T+2,0.270428,0.807523
"130525210505",T+2,3.412008,0.777678
"130525210510",T+2,0.390382,0.529828
"130525210511",T+2,1.100210,0.937019
"130525210512",T+2,1.476085,0.897134
"130526210540",T+2,2.195728,0.802768
"130526210605",T+2,1.286276,0.965579
"130527210518",T+2,0.410886,0.945123
"130527210519",T+2,0.441249,0.916933
"130529210500",T+2,0.625732,0.764358
"130530210546",T+2,0.506371,0.645074
"130530210548",T+2,1.287454,0.773216
"130532210527",T+2,0.818726,0.904662
"130532210530",T+2,0.223654,0.941388
"130532210532",T+2,1.467360,0.816684
"130533210498",T+2,0.083551,0.954906
"130533210541",T+2,0.524669,0.761001
"130534210534",T+2,0.279168,0.628166
"130534210535",T+2,0.335180,0.854701
"130535210506",T+2,0.424612,0.899287
"130535210513",T+2,0.844928,0.811071
"130581210516",T+2,0.508883,0.767295
"130602210019",T+2,0.280842,0.806780
"130602210040",T+2,0.531519,0.839812
"130602210121",T+2,0.560087,0.846722
"130602210132",T+2,0.421098,0.885880
"130602210136",T+2,0.332270,0.813244
"130602210146",T+2,0.602122,0.820944
"130602210153",T+2,0.579681,0.816859
"130602210155",T+2,0.527445,0.851834
"130602210158",T+2,0.494292,0.907120
"130621210036",T+2,0.559670,0.912865
"130621210037",T+2,0.623654,0.937837
"130621210120",T+2,0.495790,0.958117
"130621210121",T+2,0.763261,0.805435
"130625210055",T+2,1.059402,0.174166
"130625210198",T+2,0.598109,0.970046
"130626210011",T+2,0.309638,0.931782
"130626210012",T+2,0.971811,0.756986
"130626210014",T+2,0.247369,0.930487
"130626210196",T+2,0.339116,0.813241
"130628210021",T+2,0.295771,0.948431
"130628210023",T+2,0.648142,0.698631
"130631210049",T+2,0.457786,0.735741
"130631210050",T+2,0.305101,0.843551
"130631210189",T+2,0.554076,0.564249
"130632210008",T+2,0.404682,0.849029
"130634210044",T+2,0.751197,-0.101992
"130635210033",T+2,1.028908,0.853572
"130636210047",T+2,0.233903,0.677079
"130638210005",T+2,0.706763,0.858462
"130638210053",T+2,0.406264,0.909036
"130681210059",T+2,0.634165,0.888725
"130681210061",T+2,0.211523,0.895375
"130681210063",T+2,0.377267,0.934151
"130682210018",T+2,0.227389,0.777024
"130682210174",T+2,0.289079,0.874524
"130682210175",T+2,0.309322,0.894387
"130683210003",T+2,0.742377,0.560868
"130902210035",T+2,0.179477,0.865930
"130902210039",T+2,0.270062,0.675059
"130902210041",T+2,0.261129,0.771229
"130902210042",T+2,0.237264,0.737404
"130902210043",T+2,0.231176,0.744047
"130902210481",T+2,0.097847,0.892048
"130903210131",T+2,0.374374,0.870674
"130903210152",T+2,0.468464,0.926553
"130921210073",T+2,0.379932,0.922420
"130921210077",T+2,0.176378,0.959884
"130921210078",T+2,0.190493,0.853238
"130921210079",T+2,0.246470,0.384746
"130921210085",T+2,0.230689,0.939673
"130921210089",T+2,0.202390,0.935263
"130922210137",T+2,0.265928,0.695266
"130922210138",T+2,0.200288,0.852799
"130922210142",T+2,0.267555,0.969515
"130923210093",T+2,0.379702,0.950520
"130924210476",T+2,0.160131,0.907784
"130924210477",T+2,0.051851,0.892757
"130925210160",T+2,0.318878,0.849932
"130925210162",T+2,0.515756,0.903971
"130925210165",T+2,0.746194,0.319368
"130927210134",T+2,0.761890,0.850172
"130927210135",T+2,0.620646,0.818272
"130928210094",T+2,0.377431,0.971730
"130929210159",T+2,0.124514,0.987006
"130981210065",T+2,0.333783,0.964793
"130981210069",T+2,2.268623,0.937267
"130981210070",T+2,0.172566,0.993528
"130981210072",T+2,0.769622,0.710125
"130982210143",T+2,0.357809,0.828767
"130982210144",T+2,0.456260,0.749975
"130982210145",T+2,0.230371,0.968666
"130982210147",T+2,0.183834,0.911536
"130982210151",T+2,2.311747,0.861914
"130983210118",T+2,0.480372,0.668758
"130983210486",T+2,0.167833,0.904870
"130983210487",T+2,0.163124,0.756472
"130984210101",T+2,0.114615,0.968462
"130984210105",T+2,0.214480,0.950722
"130984210109",T+2,0.297686,0.694299
"131001210336",T+2,0.141404,0.904948
"131002210316",T+2,0.506933,0.814978
"131002210327",T+2,0.172940,0.933851
"131002210328",T+2,0.100564,0.964332
"131002210471",T+2,0.196752,0.961506
"131003210322",T+2,0.163253,0.966029
"131022210313",T+2,0.466131,0.923387
"131023210348",T+2,0.445045,0.860212
"131023210352",T+2,0.826220,0.897312
"131024210342",T+2,0.689118,0.788642
"131024210343",T+2,0.798405,0.704561
"131025210319",T+2,0.233645,0.909610
"131026210340",T+2,0.965029,0.294206
"131026210341",T+2,0.184946,0.911109
"131081210307",T+2,0.243343,0.955080
"131082210331",T+2,2.829923,0.194327
"131082210335",T+2,1.585099,0.914458
"131102210002",T+2,0.165202,0.780970
"131102210353",T+2,0.795320,0.038356
"131102210357",T+2,0.409755,0.902996
"131121210295",T+2,0.246491,0.965560
"131122210292",T+2,0.879622,0.913876
"131123210288",T+2,0.780604,0.927049
"131127210271",T+2,1.516197,0.659916
"131127210277",T+2,0.829236,0.400916
"131182210283",T+2,0.363912,0.504267
"131182210302",T+2,0.412409,0.925676
"370125210005",T+2,1.310832,0.369145
"370125210006",T+2,0.691761,0.294823
"370126210003",T+2,0.837698,0.586935
"370126210006",T+2,0.412309,0.862117
"370503210002",T+2,0.086448,0.918285
"370503210003",T+2,0.042890,0.831133
"371402210001",T+2,1.317293,0.663017
"371402210004",T+2,0.379165,0.884012
"371402210009",T+2,0.251995,0.901462
"371402210012",T+2,0.354531,0.943681
"371421210001",T+2,0.300499,0.655056
"371421210002",T+2,1.253490,0.409555
"371421210006",T+2,0.208282,0.968469
"371421210007",T+2,0.330564,0.649091
"371421210008",T+2,0.330149,0.894378
"371421210009",T+2,0.916770,0.775796
"371421210010",T+2,0.823867,0.751694
"371421210012",T+2,0.623154,0.814427
"371422210001",T+2,1.561026,0.762987
"371423210001",T+2,0.149331,0.905394
"371423210002",T+2,0.252643,0.710471
"371423210003",T+2,0.181905,0.640716
"371424210001",T+2,0.554674,0.715185
"371424210002",T+2,1.541947,0.216688
"371424210004",T+2,0.370192,0.859375
"371424210007",T+2,0.320274,0.591264
"371425210001",T+2,0.366509,0.881480
"371425210006",T+2,1.403758,0.493000
"371426210001",T+2,0.405818,0.566302
"371426210002",T+2,0.390483,0.718539
"371426210003",T+2,0.719124,0.671151
"371427210001",T+2,0.770249,0.852384
"371427210004",T+2,1.218625,0.567654
"371427210005",T+2,0.686455,0.644716
"371427210006",T+2,0.619412,0.948901
"371427210007",T+2,0.597115,0.837369
"371428210003",T+2,0.441768,0.949673
"371428210006",T+2,0.657902,0.830825
"371481210006",T+2,0.426780,0.883193
"371481210007",T+2,0.363517,0.925396
"371481210008",T+2,0.396458,0.740184
"371481210010",T+2,0.142543,0.941823
"371481210011",T+2,0.299179,0.796957
"371482210004",T+2,0.446529,0.745091
"371482210005",T+2,0.492438,0.689077
"371502210001",T+2,0.449596,0.834306
"371502210004",T+2,0.762326,0.580889
"371502210007",T+2,0.442338,0.961489
"371502210008",T+2,0.614421,0.822496
"371502210010",T+2,0.553377,0.868472
"371502210011",T+2,0.699591,0.868825
"371521210001",T+2,1.333288,0.789063
"371521210002",T+2,0.761238,0.508313
"371522210002",T+2,0.136262,0.950424
"371522210004",T+2,1.057675,-0.032066
"371522210006",T+2,1.590485,0.806394
"371523210004",T+2,1.029166,0.898747
"371524210001",T+2,0.597241,0.837412
"371524210002",T+2,1.321194,0.607382
"371524210003",T+2,0.993156,0.801537
"371525210001",T+2,0.402731,0.853470
"371525210003",T+2,1.384172,0.843920
"371526210001",T+2,0.629733,0.770804
"371526210004",T+2,0.576668,0.900338
"371526210006",T+2,0.473774,0.898705
"371581210001",T+2,0.572444,0.850772
"371581210003",T+2,2.027713,0.772501
"371581210004",T+2,1.206467,0.858633
"371581210005",T+2,1.304006,0.570548
"371581210006",T+2,1.197420,0.860621
"371603210001",T+2,0.175182,0.684975
"371603210002",T+2,0.635403,0.632498
"371603210004",T+2,0.108381,0.791036
"371603210006",T+2,0.239650,0.790958
"371621210001",T+2,0.335139,0.890219
"371621210005",T+2,0.213540,0.692858
"371621210006",T+2,0.311726,0.820584
"371621210010",T+2,0.466222,0.776921
"371621210012",T+2,0.407935,0.837584
"371622210001",T+2,0.221255,0.831540
"371622210004",T+2,0.310610,0.603348
"371623210001",T+2,0.122862,0.805981
"371623210002",T+2,0.153831,0.848142
"371624210001",T+2,0.210265,0.791844
"371624210004",T+2,0.398662,0.689543
"371624210005",T+2,1.606873,0.904495
"371624210006",T+2,0.164655,0.958221
"371624210007",T+2,0.324444,0.649795
"371625210006",T+2,1.614893,0.476675
"410502210001",T+2,0.602448,0.795797
"410522210003",T+2,3.528529,0.785909
"410522210004",T+2,0.895641,0.952743
"410523210001",T+2,1.124363,0.726077
"410523210003",T+2,6.299479,0.903559
"410526210001",T+2,0.117779,0.901760
"410526210002",T+2,0.140257,0.977965
"410526210003",T+2,0.116057,0.959640
"410526210004",T+2,0.148608,0.874565
"410526210005",T+2,0.167262,0.889783
"410526210006",T+2,0.722912,0.177724
"410526210007",T+2,0.059551,0.926383
"410526210008",T+2,1.051348,0.831818
"410526210009",T+2,0.092405,0.956621
"410526210011",T+2,0.392432,0.237797
"410526210012",T+2,1.096200,0.063210
"410527210001",T+2,0.385562,0.965225
"410527210002",T+2,0.123805,0.977786
"410527210003",T+2,0.837489,0.329397
"410527210005",T+2,0.381095,0.904542
"410527210006",T+2,0.149293,0.939589
"410527210007",T+2,0.080517,0.919738
"410527210009",T+2,0.225213,0.902215
"410621210002",T+2,0.797300,0.807145
"410621210006",T+2,0.640410,0.828334
"410622210001",T+2,1.229979,0.941975
"410725210001",T+2,0.315228,0.953409
"410725210002",T+2,0.316841,0.910793
"410726210001",T+2,1.256403,0.702833
"410726210002",T+2,0.143876,0.956382
"410726210004",T+2,0.141760,0.983017
"410727210001",T+2,0.439936,0.856709
"410727210002",T+2,0.884576,0.697386
"410728210001",T+2,0.931325,0.681789
"410728210002",T+2,0.537467,0.716251
"410781210001",T+2,1.241749,0.974493
"410781210002",T+2,0.278134,0.986069
"410922210001",T+2,0.131911,0.956728
"410922210002",T+2,0.140935,0.966582
"410922210003",T+2,0.485673,0.756363
"410922210004",T+2,0.188349,0.962593
"410923210001",T+2,0.533861,0.820216
"410923210003",T+2,1.835706,0.344477
"410926210001",T+2,0.631019,0.688269
"410926210002",T+2,1.602232,0.619624
"410926210003",T+2,0.611289,0.907700
"410927210001",T+2,0.684732,0.589406
"410927210002",T+2,0.314981,0.777692
"410928210001",T+2,0.918042,0.811009
"410928210003",T+2,0.654933,0.654155
"410928210004",T+2,0.533835,0.694163
"410928210005",T+2,0.827607,0.584795
"410928210006",T+2,0.990527,0.646414
"410928210007",T+2,0.439477,0.768833
"110102210003",T+3,0.274122,0.987357
"110102210004",T+3,0.196492,0.990989
"110105210002",T+3,0.123652,0.910469
"110105210004",T+3,0.293859,0.966156
"110105210023",T+3,0.430160,0.847335
"110105210024",T+3,0.434414,0.681937
"110106210001",T+3,0.256113,0.974639
"110106210003",T+3,0.201304,0.988858
"110106210006",T+3,0.252224,0.987357
"110107210001",T+3,0.593943,0.983397
"110107210002",T+3,0.841197,0.958263
"110107210003",T+3,0.552440,0.987660
"110108210001",T+3,0.278454,0.983169
"110108210003",T+3,0.745666,0.816866
"110108210006",T+3,1.034616,0.644709
"110108210008",T+3,0.704134,0.899751
"110108210011",T+3,1.154520,0.983096
"110108210013",T+3,0.704795,-0.320104
"110108210016",T+3,1.545748,0.920921
"110111210001",T+3,0.345481,0.910463
"110111210006",T+3,0.247313,0.937201
"110111210007",T+3,0.467691,0.807384
"110111210008",T+3,0.187493,0.956498
"110111210009",T+3,0.646958,0.828834
"110111210010",T+3,0.810919,0.707519
"110111210012",T+3,0.990005,0.654892
"110111210013",T+3,0.708284,0.849287
"110111210014",T+3,0.287437,0.903687
"110111210015",T+3,0.464289,0.910935
"110111210016",T+3,0.302317,0.948350
"110112210004",T+3,0.143439,0.977477
"110112210005",T+3,0.619016,-0.152019
"110112210007",T+3,0.342438,0.873718
"110112210008",T+3,0.437966,0.889979
"110112210009",T+3,0.622963,0.779943
"110112210012",T+3,0.781835,0.786972
"110112210015",T+3,0.698929,0.788628
"110112210019",T+3,0.762620,0.730908
"110112210022",T+3,1.170093,0.734109
"110112210024",T+3,0.546285,0.743939
"110113210001",T+3,0.514427,0.956608
"110113210004",T+3,0.436246,0.726599
"110113210007",T+3,0.883520,0.980862
"110113210010",T+3,1.436054,0.721431
"110113210013",T+3,0.740348,0.983661
"110113210017",T+3,0.336722,0.916829
"110113210021",T+3,0.146080,0.969605
"110113210026",T+3,0.205895,0.919728
"110113210027",T+3,0.585013,0.991031
"110113210028",T+3,0.689011,0.982561
"110113210029",T+3,0.888641,0.971765
"110113210030",T+3,0.676428,0.989792
"110113210033",T+3,0.151806,0.989537
"110113210035",T+3,0.313751,0.988971
"110113210036",T+3,0.901469,0.972013
"110113210037",T+3,0.212321,0.943765
"110113210041",T+3,0.280382,0.978567
"110113210044",T+3,0.490576,0.987993
"110113210045",T+3,0.328747,0.974863
"110113210047",T+3,0.842790,0.841659
"110113210050",T+3,0.202878,0.939997
"110113210054",T+3,1.412226,0.832854
"110113210056",T+3,0.444447,0.988950
"110114210001",T+3,0.071019,0.988327
"110114210005",T+3,0.532884,0.779214
"110114210007",T+3,1.125092,0.532434
"110114210009",T+3,0.432291,0.876576
"110114210013",T+3,0.568096,0.900246
"110114210018",T+3,0.508303,0.936287
"110114210019",T+3,0.511167,0.927901
"110114210022",T+3,0.315607,0.971568
"110114210030",T+3,0.358139,0.982547
"110114210032",T+3,0.636654,0.932453
"110114210036",T+3,0.165391,0.971486
"110114210037",T+3,0.274899,0.869692
"110115210003",T+3,0.215305,0.969878
"110115210004",T+3,0.326658,0.786940
"110115210006",T+3,0.300727,0.956498
"110115210008",T+3,0.050844,0.965928
"110115210010",T+3,0.185859,0.731724
"110115210012",T+3,0.287043,0.840490
"110115210015",T+3,0.444383,0.888981
"110115210019",T+3,0.226257,0.833332
"110115210021",T+3,0.369759,0.964910
"110115210022",T+3,0.202704,0.856815
"110115210025",T+3,0.357613,0.952936
"110116210001",T+3,0.725310,0.987369
"110116210002",T+3,0.659408,0.987297
"110116210003",T+3,0.700390,0.989026
"110116210004",T+3,0.188110,0.986379
"110116210008",T+3,1.088394,0.967604
"110117210001",T+3,0.627371,0.983262
"110117210004",T+3,1.158256,0.882304
"110117210006",T+3,0.532043,0.985534
"110117210007",T+3,0.581014,0.985470
"110117210014",T+3,1.556713,0.972564
"110117210015",T+3,0.997066,0.982087
"110117210016",T+3,1.048992,0.983298
"110117210020",T+3,0.845502,0.985029
"110117210022",T+3,1.183639,0.905535
"110228210001",T+3,1.231067,0.931249
"110228210002",T+3,1.327824,0.809642
"110228210003",T+3,0.751834,0.981207
"110228210005",T+3,0.622205,0.980978
"120107210350",T+3,0.185921,0.845152
"120107210359",T+3,0.539190,0.675404
"120108210355",T+3,0.285184,0.415000
"120108210364",T+3,0.206413,0.899357
"120108210366",T+3,1.253194,0.739639
"120109210426",T+3,4.231595,0.512350
"120110210004",T+3,0.972326,0.444130
"120110210120",T+3,0.154304,0.956262
"120110210122",T+3,0.225416,0.828397
"120110210129",T+3,0.333190,0.312295
"120111210303",T+3,0.289586,0.684021
"120111210304",T+3,0.680115,0.749554
"120111210305",T+3,0.235827,0.042429
"120111210312",T+3,0.481591,0.369185
"120112210023",T+3,0.150889,0.926842
"120112210036",T+3,0.228153,0.685370
"120112210105",T+3,0.758434,0.710307
"120112210107",T+3,0.217970,0.515951
"120112210108",T+3,0.451224,0.506633
"120112210109",T+3,1.240580,0.641881
"120112210110",T+3,0.509225,0.319459
"120112210112",T+3,0.137379,0.875233
"120113210006",T+3,0.215779,0.518148
"120114210009",T+3,0.153705,0.191881
"120115210010",T+3,1.526967,0.914245
"120116210052",T+3,0.396144,0.563194
"120116210054",T+3,0.069800,0.708682
"120116210061",T+3,0.552748,0.281616
"120116210063",T+3,0.047021,0.926851
"120116210064",T+3,0.192013,0.677674
"120116210068",T+3,0.740696,0.875175
"120116210069",T+3,0.379009,0.820229
"120116210075",T+3,0.142314,-0.825635
"120116210076",T+3,0.161593,-0.206555
"120221210003",T+3,0.280346,0.694909
"120221210036",T+3,0.252156,0.632049
"120221210037",T+3,0.231331,0.569231
"120221210039",T+3,0.239018,0.696033
"120221210041",T+3,0.238173,0.716150
"120221210042",T+3,0.188420,0.837412
"120221210044",T+3,0.186966,0.879465
"120221210046",T+3,0.339580,0.679084
"120221210049",T+3,0.741860,0.374646
"120221210051",T+3,0.191461,0.881492
"120221210214",T+3,0.456344,0.492618
"120221210346",T+3,0.203407,0.858376
"120222210001",T+3,0.560001,0.243081
"120222210024",T+3,0.396373,0.356877
"120222210044",T+3,0.162888,0.968071
"120222210045",T+3,0.497314,0.762672
"120222210103",T+3,1.642966,0.631537
"120222210107",T+3,0.173479,0.866846
"120222210113",T+3,0.240771,0.755544
"120222210117",T+3,0.212478,0.221644
"120222210118",T+3,0.577439,0.663445
"120222210127",T+3,0.162413,0.910375
"120222210131",T+3,2.264215,0.224282
"120222210135",T+3,1.779703,0.728057
"120222210136",T+3,0.962070,0.451185
"120222210140",T+3,0.522361,0.485573
"120222210141",T+3,0.643372,0.150692
"120222210142",T+3,0.333304,0.708792
"120222210143",T+3,0.254830,0.497116
"120222210153",T+3,0.262628,0.591261
"120222210155",T+3,0.461045,0.772641
"120222210162",T+3,0.246464,0.557114
"120223210044",T+3,0.136683,0.643990
"120223210049",T+3,0.823011,0.572443
"120223210057",T+3,0.205795,0.211179
"120223210067",T+3,0.166521,0.725411
"120223210069",T+3,0.221248,0.606639
"120224210009",T+3,0.055836,0.905257
"120224210029",T+3,0.140199,0.464208
"120224210030",T+3,0.191297,0.662138
"120224210032",T+3,0.280052,0.527050
"120224210033",T+3,0.655226,0.536204
"120224210034",T+3,0.318482,0.451984
"120224210037",T+3,0.381544,0.339311
"120224210138",T+3,0.341318,0.841635
"120224210214",T+3,0.341690,0.830356
"120224210220",T+3,0.192867,0.788494
"120224210222",T+3,0.390624,0.331024
"120224210223",T+3,0.430236,-0.375149
"120224210228",T+3,0.213197,0.956525
"120224210230",T+3,0.263420,0.541711
"120224210237",T+3,0.310733,0.321334
"120224210239",T+3,0.037503,0.979539
"120224210240",T+3,0.200118,0.543580
"120224210242",T+3,0.768982,0.338216
"120224210243",T+3,0.248957,0.111905
"120224210244",T+3,0.242904,0.117608
"120224210251",T+3,0.953559,0.331036
"120224210308",T+3,0.209031,0.182557
"120224210312",T+3,0.300966,0.822904
"120225210011",T+3,0.649146,-0.225075
"120225210013",T+3,0.630581,0.430268
"120225210017",T+3,0.831808,0.187292
"120225210069",T+3,1.939848,0.149705
"120225210070",T+3,0.688917,0.811689
"120225210071",T+3,1.708434,0.283402
"120225210072",T+3,0.331186,0.619308
"120225210073",T+3,0.496468,0.492559
"120225210074",T+3,0.773418,0.757276
"120225210076",T+3,0.303666,0.747050
"120225210077",T+3,0.539620,0.058054
"120225210078",T+3,0.538931,0.263798
"120225210114",T+3,0.657685,0.744842
"120225210216",T+3,2.018067,-0.545299
"120225210218",T+3,1.194995,0.561166
"120225210326",T+3,0.400407,0.791783
"120225210327",T+3,0.742629,-0.857209
"120225210328",T+3,0.185405,0.440346
"120225210329",T+3,1.061156,0.306515
"120225210337",T+3,0.226578,0.974271
"120225210341",T+3,0.865748,0.650456
"120225210342",T+3,0.237205,0.654893
"120225210343",T+3,1.255285,0.529799
"120225210344",T+3,0.314008,0.810736
"120225210346",T+3,1.038867,0.308679
"120225210348",T+3,0.641297,0.655116
"120225210349",T+3,0.309523,0.350477
"130108210244",T+3,0.121470,0.989099
"130108210247",T+3,0.552518,0.599078
"130108210262",T+3,0.103313,0.989487
"130123210308",T+3,0.160196,0.968999
"130129210599",T+3,1.260579,0.982533
"130132210417",T+3,0.538376,0.972066
"130132210602",T+3,0.452342,0.982524
"130133210236",T+3,0.689257,0.032044
"130133210603",T+3,0.661286,0.372485
"130181210400",T+3,0.500748,0.866884
"130181210403",T+3,1.071164,0.441938
"130181210405",T+3,0.379551,0.922886
"130181210406",T+3,0.483863,0.798746
"130182210227",T+3,0.873126,0.654440
"130182210606",T+3,0.462827,0.933521
"130183210608",T+3,0.485596,0.666683
"130200210377",T+3,0.888704,0.939487
"130200210380",T+3,0.468188,0.847687
"130200210383",T+3,0.864061,0.540392
"130200210395",T+3,1.568258,0.268813
"130200210441",T+3,0.505477,0.946219
"130201210445",T+3,0.402481,0.895161
"130201210458",T+3,0.384339,0.680452
"130208210438",T+3,0.372406,0.894521
"130223210470",T+3,0.588866,0.494838
"130224210490",T+3,0.945242,0.747602
"130225210428",T+3,0.164893,0.891621
"130225210447",T+3,0.247135,0.930705
"130225210449",T+3,0.647913,0.565469
"130225210450",T+3,0.358444,0.894200
"130225210452",T+3,0.157282,0.935210
"130225210453",T+3,0.299955,0.823482
"130225210502",T+3,0.362104,0.848384
"130225210504",T+3,0.311307,0.890304
"130225210515",T+3,0.379457,0.828901
"130229210427",T+3,0.519312,0.924527
"130230210478",T+3,0.200628,0.577675
"130230210485",T+3,0.913658,0.886814
"130230210491",T+3,0.361229,0.845377
"130230210494",T+3,0.160542,0.862260
"130283210472",T+3,0.223225,0.898910
"130304210544",T+3,0.121430,0.886974
"130304210547",T+3,0.150254,0.879134
"130304210550",T+3,0.147418,0.825035
"130322210354",T+3,0.445251,0.872271
"130322210356",T+3,0.259082,0.845259
"130322210521",T+3,0.256682,0.870678
"130322210522",T+3,0.252790,0.892928
"130322210531",T+3,0.256954,0.820135
"130402210207",T+3,0.683083,0.801477
"130421210212",T+3,0.228974,0.545739
"130421210213",T+3,0.633203,0.791720
"130421210214",T+3,0.559389,0.787852
"130421210215",T+3,0.935450,0.799508
"130421210216",T+3,0.082307,0.725843
"130423210224",T+3,0.420570,0.816393
"130425210193",T+3,0.294833,0.769654
"130425210194",T+3,1.661723,0.088552
"130425210197",T+3,0.378069,0.526002
"130427210187",T+3,0.751044,0.879720
"130428210200",T+3,1.833708,0.804501
"130430210228",T+3,1.338115,0.640190
"130435210230",T+3,1.293490,0.796414
"130523210514",T+3,0.698112,0.720459
"130524210495",T+3,2.573888,0.609169
"130524210497",T+3,0.298960,0.763508
"130525210505",T+3,4.308969,0.649693
"130525210510",T+3,0.432369,0.430617
"130525210511",T+3,1.541848,0.877586
"130525210512",T+3,1.831301,0.843560
"130526210540",T+3,2.769430,0.690573
"130526210605",T+3,1.863906,0.926906
"130527210518",T+3,0.502385,0.918556
"130527210519",T+3,0.595795,0.850758
"130529210500",T+3,0.791127,0.624986
"130530210546",T+3,0.543337,0.596150
"130530210548",T+3,1.651511,0.630894
"130532210527",T+3,1.085559,0.833776
"130532210530",T+3,0.315912,0.884405
"130532210532",T+3,1.827603,0.719576
"130533210498",T+3,0.117265,0.911840
"130533210541",T+3,0.610650,0.680744
"130534210534",T+3,0.306019,0.558951
"130534210535",T+3,0.411889,0.780316
"130535210506",T+3,0.580010,0.812718
"130535210513",T+3,0.981368,0.748504
"130581210516",T+3,0.667192,0.604477
"130602210019",T+3,0.335266,0.720646
"130602210040",T+3,0.669507,0.747869
"130602210121",T+3,0.706036,0.758836
"130602210132",T+3,0.494500,0.842845
"130602210136",T+3,0.435272,0.681199
"130602210146",T+3,0.717089,0.747759
"130602210153",T+3,0.687223,0.743811
"130602210155",T+3,0.614008,0.800259
"130602210158",T+3,0.604562,0.860636
"130621210036",T+3,0.701638,0.864688
"130621210037",T+3,0.783475,0.901893
"130621210120",T+3,0.704126,0.915654
"130621210121",T+3,0.947311,0.704433
"130625210055",T+3,1.190813,-0.033886
"130625210198",T+3,0.828243,0.943012
"130626210011",T+3,0.413630,0.878265
"130626210012",T+3,1.143294,0.667999
"130626210014",T+3,0.327021,0.880200
"130626210196",T+3,0.437709,0.693305
"130628210021",T+3,0.384405,0.913688
"130628210023",T+3,0.715492,0.636054
"130631210049",T+3,0.581359,0.576273
"130631210050",T+3,0.384282,0.755352
"130631210189",T+3,0.624906,0.452723
"130632210008",T+3,0.495063,0.776677
"130634210044",T+3,0.764899,-0.169131
"130635210033",T+3,1.316370,0.762082
"130636210047",T+3,0.258104,0.606200
"130638210005",T+3,0.860947,0.792814
"130638210053",T+3,0.534248,0.844734
"130681210059",T+3,0.777847,0.834896
"130681210061",T+3,0.253431,0.851732
"130681210063",T+3,0.491245,0.889348
"130682210018",T+3,0.240179,0.745462
"130682210174",T+3,0.402899,0.759446
"130682210175",T+3,0.424852,0.803598
"130683210003",T+3,0.907014,0.351459
"130902210035",T+3,0.238625,0.759386
"130902210039",T+3,0.330047,0.511470
"130902210041",T+3,0.323802,0.644655
"130902210042",T+3,0.296515,0.587135
"130902210043",T+3,0.287208,0.602567
"130902210481",T+3,0.111788,0.857107
"130903210131",T+3,0.437807,0.820345
"130903210152",T+3,0.578170,0.886827
"130921210073",T+3,0.434040,0.897824
"130921210077",T+3,0.235587,0.928223
"130921210078",T+3,0.237661,0.768259
"130921210079",T+3,0.263059,0.302824
"130921210085",T+3,0.306991,0.891209
"130921210089",T+3,0.259463,0.892542
"130922210137",T+3,0.316824,0.563823
"130922210138",T+3,0.234034,0.799701
"130922210142",T+3,0.305684,0.959372
"130923210093",T+3,0.492798,0.916100
"130924210476",T+3,0.195137,0.864112
"130924210477",T+3,0.059769,0.857932
"130925210160",T+3,0.389894,0.773575
"130925210162",T+3,0.623558,0.859239
"130925210165",T+3,0.824932,0.167273
"130927210134",T+3,0.947082,0.773173
"130927210135",T+3,0.757515,0.732536
"130928210094",T+3,0.466442,0.956895
"130929210159",T+3,0.173960,0.974624
"130981210065",T+3,0.457493,0.933563
"130981210069",T+3,3.141635,0.880270
"130981210070",T+3,0.223349,0.989301
"130981210072",T+3,0.875246,0.624766
"130982210143",T+3,0.464721,0.714729
"130982210144",T+3,0.534712,0.656462
"130982210145",T+3,0.299498,0.946352
"130982210147",T+3,0.227070,0.868177
"130982210151",T+3,2.932378,0.777886
"130983210118",T+3,0.596971,0.493345
"130983210486",T+3,0.212448,0.846124
"130983210487",T+3,0.208779,0.598157
"130984210101",T+3,0.148993,0.946820
"130984210105",T+3,0.270969,0.921007
"130984210109",T+3,0.355515,0.565130
"131001210336",T+3,0.177437,0.849153
"131002210316",T+3,0.613580,0.732464
"131002210327",T+3,0.200591,0.910434
"131002210328",T+3,0.139227,0.931963
"131002210471",T+3,0.263658,0.930592
"131003210322",T+3,0.222796,0.936051
"131022210313",T+3,0.539747,0.901346
"131023210348",T+3,0.540934,0.793416
"131023210352",T+3,1.043515,0.837590
"131024210342",T+3,0.820075,0.689735
"131024210343",T+3,1.013142,0.499563
"131025210319",T+3,0.299902,0.849921
"131026210340",T+3,1.159169,-0.031193
"131026210341",T+3,0.249917,0.837814
"131081210307",T+3,0.327496,0.919024
"131082210331",T+3,2.804396,0.214442
"131082210335",T+3,2.030265,0.859861
"131102210002",T+3,0.207686,0.652540
"131102210353",T+3,0.903896,-0.257503
"131102210357",T+3,0.504686,0.852731
"131121210295",T+3,0.341188,0.934134
"131122210292",T+3,1.030622,0.879851
"131123210288",T+3,0.970429,0.884437
"131127210271",T+3,1.738713,0.584681
"131127210277",T+3,0.999277,0.130032
"131182210283",T+3,0.441333,0.295372
"131182210302",T+3,0.567197,0.855304
"370125210005",T+3,1.537719,0.129250
"370125210006",T+3,0.720539,0.231530
"370126210003",T+3,0.963976,0.454738
"370126210006",T+3,0.536996,0.763878
"370503210002",T+3,0.112058,0.862781
"370503210003",T+3,0.053911,0.729900
"371402210001",T+3,1.533967,0.547809
"371402210004",T+3,0.441816,0.839067
"371402210009",T+3,0.315615,0.844931
"371402210012",T+3,0.445384,0.911648
"371421210001",T+3,0.367129,0.482604
"371421210002",T+3,1.377567,0.288711
"371421210006",T+3,0.262156,0.951061
"371421210007",T+3,0.389244,0.511560
"371421210008",T+3,0.413185,0.835089
"371421210009",T+3,1.097002,0.680903
"371421210010",T+3,0.977084,0.653024
"371421210012",T+3,0.730040,0.747226
"371422210001",T+3,1.817026,0.681815
"371423210001",T+3,0.200747,0.829670
"371423210002",T+3,0.298775,0.590890
"371423210003",T+3,0.210526,0.524633
"371424210001",T+3,0.668095,0.588257
"371424210002",T+3,1.688005,0.063554
"371424210004",T+3,0.453877,0.789186
"371424210007",T+3,0.381636,0.419303
"371425210001",T+3,0.455635,0.818309
"371425210006",T+3,1.640455,0.306077
"371426210001",T+3,0.485998,0.377712
"371426210002",T+3,0.483952,0.567940
"371426210003",T+3,0.826153,0.567385
"371427210001",T+3,0.990572,0.764448
"371427210004",T+3,1.445075,0.399154
"371427210005",T+3,0.773218,0.551593
"371427210006",T+3,0.763878,0.923004
"371427210007",T+3,0.722088,0.762996
"371428210003",T+3,0.530709,0.929797
"371428210006",T+3,0.808691,0.745374
"371481210006",T+3,0.521664,0.827767
"371481210007",T+3,0.458261,0.882150
"371481210008",T+3,0.481355,0.617775
"371481210010",T+3,0.168271,0.920755
"371481210011",T+3,0.384335,0.665991
"371482210004",T+3,0.563539,0.596807
"371482210005",T+3,0.585831,0.559202
"371502210001",T+3,0.559092,0.748077
"371502210004",T+3,0.872400,0.451177
"371502210007",T+3,0.574001,0.935631
"371502210008",T+3,0.744079,0.739400
"371502210010",T+3,0.668541,0.807031
"371502210011",T+3,0.871134,0.796833
"371521210001",T+3,1.542785,0.718820
"371521210002",T+3,0.862442,0.370220
"371522210002",T+3,0.163583,0.930958
"371522210004",T+3,1.137954,-0.181946
"371522210006",T+3,1.882883,0.728597
"371523210004",T+3,1.260588,0.849784
"371524210001",T+3,0.746469,0.748166
"371524210002",T+3,1.507321,0.490348
"371524210003",T+3,1.139249,0.740250
"371525210001",T+3,0.496490,0.774632
"371525210003",T+3,1.653715,0.781155
"371526210001",T+3,0.734170,0.691759
"371526210004",T+3,0.742524,0.836690
"371526210006",T+3,0.585549,0.845849
"371581210001",T+3,0.682579,0.792744
"371581210003",T+3,2.401932,0.683911
"371581210004",T+3,1.542804,0.774780
"371581210005",T+3,1.463390,0.461942
"371581210006",T+3,1.482115,0.790627
"371603210001",T+3,0.225941,0.476676
"371603210002",T+3,0.796320,0.360785
"371603210004",T+3,0.133714,0.682245
"371603210006",T+3,0.292858,0.688721
"371621210001",T+3,0.431496,0.817811
"371621210005",T+3,0.263082,0.535797
"371621210006",T+3,0.390081,0.716589
"371621210010",T+3,0.559019,0.680309
"371621210012",T+3,0.515979,0.740805
"371622210001",T+3,0.266087,0.754692
"371622210004",T+3,0.375831,0.421472
"371623210001",T+3,0.151817,0.704210
"371623210002",T+3,0.199371,0.744896
"371624210001",T+3,0.266319,0.664850
"371624210004",T+3,0.486620,0.535037
"371624210005",T+3,1.928280,0.861016
"371624210006",T+3,0.201914,0.937047
"371624210007",T+3,0.402568,0.456595
"371625210006",T+3,1.865038,0.302587
"410502210001",T+3,0.719740,0.706104
"410522210003",T+3,4.022935,0.722478
"410522210004",T+3,1.128684,0.924289
"410523210001",T+3,1.340042,0.609682
"410523210003",T+3,7.712993,0.853197
"410526210001",T+3,0.148164,0.842069
"410526210002",T+3,0.193630,0.957705
"410526210003",T+3,0.146540,0.936053
"410526210004",T+3,0.187113,0.802048
"410526210005",T+3,0.199512,0.843825
"410526210006",T+3,0.743184,0.119931
"410526210007",T+3,0.074538,0.886144
"410526210008",T+3,1.337767,0.723159
"410526210009",T+3,0.123122,0.923326
"410526210011",T+3,0.416491,0.149623
"410526210012",T+3,1.176247,-0.076750
"410527210001",T+3,0.522150,0.935743
"410527210002",T+3,0.162600,0.962013
"410527210003",T+3,1.112161,-0.228714
"410527210005",T+3,0.460540,0.859984
"410527210006",T+3,0.218462,0.871870
"410527210007",T+3,0.106017,0.860701
"410527210009",T+3,0.278506,0.849648
"410621210002",T+3,0.945903,0.727985
"410621210006",T+3,0.839099,0.704789
"410622210001",T+3,1.484052,0.914081
"410725210001",T+3,0.391313,0.928272
"410725210002",T+3,0.402202,0.855330
"410726210001",T+3,1.413103,0.624726
"410726210002",T+3,0.196512,0.918645
"410726210004",T+3,0.189495,0.969534
"410727210001",T+3,0.531606,0.799745
"410727210002",T+3,1.093674,0.540593
"410728210001",T+3,1.118836,0.538725
"410728210002",T+3,0.613439,0.630410
"410781210001",T+3,1.764165,0.947935
"410781210002",T+3,0.380861,0.973699
"410922210001",T+3,0.161531,0.935971
"410922210002",T+3,0.198237,0.933822
"410922210003",T+3,0.552250,0.685481
"410922210004",T+3,0.252369,0.932922
"410923210001",T+3,0.671286,0.719477
"410923210003",T+3,2.142907,0.128388
"410926210001",T+3,0.742105,0.561388
"410926210002",T+3,2.072597,0.395384
"410926210003",T+3,0.801897,0.839955
"410927210001",T+3,0.772816,0.480141
"410927210002",T+3,0.399194,0.643560
"410928210001",T+3,1.084986,0.735650
"410928210003",T+3,0.779722,0.508532
"410928210004",T+3,0.593779,0.622698
"410928210005",T+3,0.964599,0.436154
"410928210006",T+3,1.134869,0.540075
"410928210007",T+3,0.531977,0.661296
"110102210003",T+4,0.324553,0.982205
"110102210004",T+4,0.238986,0.986691
"110105210002",T+4,0.150318,0.867009
"110105210004",T+4,0.371438,0.946389
"110105210023",T+4,0.514961,0.781051
"110105210024",T+4,0.499097,0.590705
"110106210001",T+4,0.320558,0.960142
"110106210003",T+4,0.239589,0.984277
"110106210006",T+4,0.291632,0.983183
"110107210001",T+4,0.779859,0.971147
"110107210002",T+4,1.067473,0.932385
"110107210003",T+4,0.726678,0.978442
"110108210001",T+4,0.354723,0.972151
"110108210003",T+4,0.856674,0.765248
"110108210006",T+4,1.203259,0.525850
"110108210008",T+4,0.890341,0.839923
"110108210011",T+4,1.515859,0.970867
"110108210013",T+4,0.697483,-0.276970
"110108210016",T+4,1.816667,0.890180
"110111210001",T+4,0.416355,0.869160
"110111210006",T+4,0.306860,0.902789
"110111210007",T+4,0.548384,0.735699
"110111210008",T+4,0.240105,0.927684
"110111210009",T+4,0.728658,0.783351
"110111210010",T+4,0.963391,0.587187
"110111210012",T+4,1.175628,0.514592
"110111210013",T+4,0.752096,0.829367
"110111210014",T+4,0.333488,0.869466
"110111210015",T+4,0.577755,0.863730
"110111210016",T+4,0.369684,0.922862
"110112210004",T+4,0.175938,0.965710
"110112210005",T+4,0.675790,-0.377068
"110112210007",T+4,0.383083,0.836582
"110112210008",T+4,0.531164,0.839555
"110112210009",T+4,0.746193,0.687292
"110112210012",T+4,0.873207,0.736243
"110112210015",T+4,0.808519,0.719430
"110112210019",T+4,0.906495,0.622282
"110112210022",T+4,1.250277,0.697916
"110112210024",T+4,0.646928,0.643604
"110113210001",T+4,0.660967,0.928467
"110113210004",T+4,0.514230,0.623435
"110113210007",T+4,1.029311,0.973879
"110113210010",T+4,1.651335,0.636461
"110113210013",T+4,0.955734,0.972334
"110113210017",T+4,0.446808,0.851625
"110113210021",T+4,0.189319,0.948812
"110113210026",T+4,0.250080,0.881349
"110113210027",T+4,0.765763,0.984470
"110113210028",T+4,0.895113,0.970064
"110113210029",T+4,1.155330,0.952308
"110113210030",T+4,0.896530,0.981764
"110113210033",T+4,0.193760,0.982993
"110113210035",T+4,0.409244,0.981427
"110113210036",T+4,1.150384,0.954565
"110113210037",T+4,0.248718,0.923274
"110113210041",T+4,0.342271,0.968326
"110113210044",T+4,0.633570,0.980154
"110113210045",T+4,0.420105,0.959571
"110113210047",T+4,1.017668,0.771152
"110113210050",T+4,0.251971,0.909771
"110113210054",T+4,1.658315,0.782726
"110113210056",T+4,0.578894,0.981308
"110114210001",T+4,0.097123,0.978425
"110114210005",T+4,0.564907,0.754261
"110114210007",T+4,1.146457,0.515063
"110114210009",T+4,0.524902,0.815164
"110114210013",T+4,0.676705,0.856558
"110114210018",T+4,0.648803,0.895873
"110114210019",T+4,0.660239,0.879565
"110114210022",T+4,0.406039,0.952965
"110114210030",T+4,0.459790,0.971405
"110114210032",T+4,0.792560,0.894011
"110114210036",T+4,0.208388,0.954635
"110114210037",T+4,0.317842,0.824790
"110115210003",T+4,0.250328,0.959155
"110115210004",T+4,0.377510,0.724632
"110115210006",T+4,0.367218,0.937148
"110115210008",T+4,0.063225,0.948165
"110115210010",T+4,0.222595,0.613652
"110115210012",T+4,0.333837,0.796095
"110115210015",T+4,0.544159,0.836019
"110115210019",T+4,0.272397,0.758285
"110115210021",T+4,0.473615,0.942155
"110115210022",T+4,0.228578,0.821328
"110115210025",T+4,0.440682,0.929291
"110116210001",T+4,0.944764,0.978161
"110116210002",T+4,0.879317,0.977043
"110116210003",T+4,0.922706,0.980624
"110116210004",T+4,0.234975,0.979037
"110116210008",T+4,1.384441,0.946093
"110117210001",T+4,0.808686,0.971973
"110117210004",T+4,1.266374,0.860147
"110117210006",T+4,0.685406,0.976024
"110117210007",T+4,0.756250,0.975252
"110117210014",T+4,2.041746,0.952103
"110117210015",T+4,1.306081,0.969097
"110117210016",T+4,1.384085,0.970697
"110117210020",T+4,1.109178,0.974060
"110117210022",T+4,1.424672,0.862443
"110228210001",T+4,1.521800,0.891854
"110228210002",T+4,1.541214,0.744624
"110228210003",T+4,0.962412,0.968577
"110228210005",T+4,0.806269,0.967378
"120107210350",T+4,0.223595,0.775169
"120107210359",T+4,0.647279,0.546270
"120108210355",T+4,0.321173,0.259682
"120108210364",T+4,0.241628,0.860301
"120108210366",T+4,1.331569,0.705447
"120109210426",T+4,5.074305,0.300881
"120110210004",T+4,1.036988,0.369596
"120110210120",T+4,0.187105,0.934784
"120110210122",T+4,0.264751,0.764225
"120110210129",T+4,0.378959,0.115339
"120111210303",T+4,0.339353,0.560316
"120111210304",T+4,0.784751,0.667509
"120111210305",T+4,0.248012,-0.069880
"120111210312",T+4,0.519368,0.264696
"120112210023",T+4,0.176639,0.899090
"120112210036",T+4,0.257596,0.598946
"120112210105",T+4,0.912286,0.578730
"120112210107",T+4,0.248841,0.367100
"120112210108",T+4,0.504621,0.390213
"120112210109",T+4,1.396980,0.545923
"120112210110",T+4,0.570560,0.107407
"120112210112",T+4,0.173858,0.801215
"120113210006",T+4,0.239606,0.392329
"120114210009",T+4,0.154309,0.177220
"120115210010",T+4,1.768275,0.885168
"120116210052",T+4,0.462592,0.405209
"120116210054",T+4,0.082851,0.590098
"120116210061",T+4,0.565628,0.248865
"120116210063",T+4,0.058412,0.888790
"120116210064",T+4,0.224071,0.567432
"120116210068",T+4,0.912164,0.813698
"120116210069",T+4,0.449265,0.746668
"120116210075",T+4,0.166754,-1.534589
"120116210076",T+4,0.170539,-0.337571
"120221210003",T+4,0.330099,0.578071
"120221210036",T+4,0.304389,0.499787
"120221210037",T+4,0.248649,0.496110
"120221210039",T+4,0.266839,0.618988
"120221210041",T+4,0.280491,0.608839
"120221210042",T+4,0.215434,0.786345
"120221210044",T+4,0.226536,0.819892
"120221210046",T+4,0.364053,0.628637
"120221210049",T+4,0.845764,0.113345
"120221210051",T+4,0.222799,0.839589
"120221210214",T+4,0.506023,0.376721
"120221210346",T+4,0.228387,0.822606
"120222210001",T+4,0.616986,0.080188
"120222210024",T+4,0.445616,0.186002
"120222210044",T+4,0.198498,0.951895
"120222210045",T+4,0.565378,0.691774
"120222210103",T+4,1.745766,0.612569
"120222210107",T+4,0.220009,0.786627
"120222210113",T+4,0.266126,0.703069
"120222210117",T+4,0.250683,-0.087512
"120222210118",T+4,0.658656,0.558730
"120222210127",T+4,0.201157,0.861668
"120222210131",T+4,2.563205,-0.019105
"120222210135",T+4,1.942180,0.677621
"120222210136",T+4,1.111156,0.267914
"120222210140",T+4,0.592670,0.341096
"120222210141",T+4,0.736359,-0.118293
"120222210142",T+4,0.404953,0.585823
"120222210143",T+4,0.304105,0.415299
"120222210153",T+4,0.288944,0.524799
"120222210155",T+4,0.502227,0.730092
"120222210162",T+4,0.278600,0.433210
"120223210044",T+4,0.167910,0.461656
"120223210049",T+4,0.887596,0.505971
"120223210057",T+4,0.230452,0.008398
"120223210067",T+4,0.188928,0.646138
"120223210069",T+4,0.248565,0.499146
"120224210009",T+4,0.072952,0.840490
"120224210029",T+4,0.165844,0.251173
"120224210030",T+4,0.218656,0.561081
"120224210032",T+4,0.312671,0.407087
"120224210033",T+4,0.711721,0.472616
"120224210034",T+4,0.333653,0.411401
"120224210037",T+4,0.414131,0.224428
"120224210138",T+4,0.392206,0.791029
"120224210214",T+4,0.410329,0.753201
"120224210220",T+4,0.225182,0.711032
"120224210222",T+4,0.423655,0.213839
"120224210223",T+4,0.434520,-0.411302
"120224210228",T+4,0.249040,0.940060
"120224210230",T+4,0.288165,0.447589
"120224210237",T+4,0.340331,0.186352
"120224210239",T+4,0.045311,0.969848
"120224210240",T+4,0.236155,0.366974
"120224210242",T+4,0.867192,0.153284
"120224210243",T+4,0.274064,-0.064422
"120224210244",T+4,0.294964,-0.288816
"120224210251",T+4,0.974486,0.307743
"120224210308",T+4,0.225446,0.049130
"120224210312",T+4,0.370596,0.733474
"120225210011",T+4,0.705102,-0.455434
"120225210013",T+4,0.726821,0.264704
"120225210017",T+4,0.828531,0.187490
"120225210069",T+4,1.838089,0.229770
"120225210070",T+4,0.773799,0.760725
"120225210071",T+4,1.768648,0.227840
"120225210072",T+4,0.361352,0.543246
"120225210073",T+4,0.548572,0.375831
"120225210074",T+4,0.874068,0.687250
"120225210076",T+4,0.338740,0.705396
"120225210077",T+4,0.573837,-0.027981
"120225210078",T+4,0.597589,0.087180
"120225210114",T+4,0.731929,0.684650
"120225210216",T+4,2.269233,-0.987299
"120225210218",T+4,1.216521,0.542611
"120225210326",T+4,0.473642,0.708080
"120225210327",T+4,0.804675,-1.256005
"120225210328",T+4,0.205585,0.325169
"120225210329",T+4,1.143736,0.229419
"120225210337",T+4,0.290663,0.957403
"120225210341",T+4,0.943233,0.582023
"120225210342",T+4,0.267237,0.562848
"120225210343",T+4,1.446278,0.413607
"120225210344",T+4,0.364926,0.743556
"120225210346",T+4,0.997825,0.358804
"120225210348",T+4,0.686216,0.605559
"120225210349",T+4,0.338384,0.220864
"130108210244",T+4,0.156426,0.982264
"130108210247",T+4,0.631906,0.485645
"130108210262",T+4,0.141802,0.980428
"130123210308",T+4,0.194364,0.955198
"130129210599",T+4,1.571487,0.973443
"130132210417",T+4,0.719643,0.950538
"130132210602",T+4,0.521391,0.976886
"130133210236",T+4,0.795958,-0.266775
"130133210603",T+4,0.695403,0.313940
"130181210400",T+4,0.543427,0.843588
"130181210403",T+4,1.202701,0.290418
"130181210405",T+4,0.456379,0.888091
"130181210406",T+4,0.587895,0.702663
"130182210227",T+4,1.042635,0.517752
"130182210606",T+4,0.587013,0.893843
"130183210608",T+4,0.558976,0.549375
"130200210377",T+4,1.070501,0.911593
"130200210380",T+4,0.568856,0.776254
"130200210383",T+4,1.012721,0.368637
"130200210395",T+4,1.759185,0.086494
"130200210441",T+4,0.601078,0.924946
"130201210445",T+4,0.464325,0.858263
"130201210458",T+4,0.426755,0.602639
"130208210438",T+4,0.446168,0.850694
"130223210470",T+4,0.651209,0.389979
"130224210490",T+4,1.137720,0.627339
"130225210428",T+4,0.198362,0.844839
"130225210447",T+4,0.300989,0.898101
"130225210449",T+4,0.737620,0.435297
"130225210450",T+4,0.414906,0.858090
"130225210452",T+4,0.192053,0.904229
"130225210453",T+4,0.340693,0.774839
"130225210502",T+4,0.418884,0.798137
"130225210504",T+4,0.377240,0.839939
"130225210515",T+4,0.446786,0.764315
"130229210427",T+4,0.579522,0.907091
"130230210478",T+4,0.227486,0.449743
"130230210485",T+4,1.043648,0.854395
"130230210491",T+4,0.414816,0.797421
"130230210494",T+4,0.185646,0.811768
"130283210472",T+4,0.245837,0.878765
"130304210544",T+4,0.134277,0.862412
"130304210547",T+4,0.170758,0.845072
"130304210550",T+4,0.165747,0.780735
"130322210354",T+4,0.515963,0.829549
"130322210356",T+4,0.310812,0.779040
"130322210521",T+4,0.306889,0.816119
"130322210522",T+4,0.304674,0.845175
"130322210531",T+4,0.300003,0.755127
"130402210207",T+4,0.809008,0.724779
"130421210212",T+4,0.265634,0.395113
"130421210213",T+4,0.764091,0.697237
"130421210214",T+4,0.635380,0.727751
"130421210215",T+4,1.037545,0.756815
"130421210216",T+4,0.087960,0.691288
"130423210224",T+4,0.458244,0.781254
"130425210193",T+4,0.360073,0.658191
"130425210194",T+4,1.808193,-0.069559
"130425210197",T+4,0.371040,0.549583
"130427210187",T+4,0.918162,0.821795
"130428210200",T+4,2.201664,0.722084
"130430210228",T+4,1.498171,0.554682
"130435210230",T+4,1.577280,0.700854
"130523210514",T+4,0.859519,0.575185
"130524210495",T+4,2.875858,0.513391
"130524210497",T+4,0.315573,0.736010
"130525210505",T+4,4.837255,0.562925
"130525210510",T+4,0.451923,0.385707
"130525210511",T+4,1.925409,0.811159
"130525210512",T+4,2.146127,0.787835
"130526210540",T+4,3.123289,0.611890
"130526210605",T+4,2.421085,0.875021
"130527210518",T+4,0.597191,0.885811
"130527210519",T+4,0.738749,0.773806
"130529210500",T+4,0.944243,0.467743
"130530210546",T+4,0.584028,0.538665
"130530210548",T+4,1.936711,0.498012
"130532210527",T+4,1.313509,0.758615
"130532210530",T+4,0.392526,0.823700
"130532210532",T+4,2.096351,0.636221
"130533210498",T+4,0.149151,0.858516
"130533210541",T+4,0.653073,0.639961
"130534210534",T+4,0.327187,0.502621
"130534210535",T+4,0.479108,0.703041
"130535210506",T+4,0.691788,0.734621
"130535210513",T+4,1.065350,0.707640
"130581210516",T+4,0.783465,0.460721
"130602210019",T+4,0.396077,0.603075
"130602210040",T+4,0.825911,0.619695
"130602210121",T+4,0.832015,0.668852
"130602210132",T+4,0.583867,0.781138
"130602210136",T+4,0.527401,0.533943
"130602210146",T+4,0.862147,0.639215
"130602210153",T+4,0.840041,0.620409
"130602210155",T+4,0.749046,0.704954
"130602210158",T+4,0.744483,0.788424
"130621210036",T+4,0.790516,0.830373
"130621210037",T+4,0.962504,0.853196
"130621210120",T+4,0.909026,0.859707
"130621210121",T+4,1.064336,0.632030
"130625210055",T+4,1.181699,-0.009078
"130625210198",T+4,1.075225,0.904714
"130626210011",T+4,0.499330,0.822595
"130626210012",T+4,1.238208,0.615307
"130626210014",T+4,0.390757,0.831339
"130626210196",T+4,0.521063,0.571617
"130628210021",T+4,0.473839,0.870140
"130628210023",T+4,0.783256,0.566534
"130631210049",T+4,0.669796,0.438982
"130631210050",T+4,0.432583,0.694436
"130631210189",T+4,0.668203,0.382822
"130632210008",T+4,0.566242,0.711039
"130634210044",T+4,0.780870,-0.240618
"130635210033",T+4,1.560466,0.667704
"130636210047",T+4,0.291300,0.496152
"130638210005",T+4,1.003611,0.722409
"130638210053",T+4,0.641038,0.778488
"130681210059",T+4,0.874398,0.794204
"130681210061",T+4,0.278004,0.823968
"130681210063",T+4,0.605818,0.833432
"130682210018",T+4,0.259007,0.698217
"130682210174",T+4,0.510917,0.618205
"130682210175",T+4,0.531910,0.696586
"130683210003",T+4,0.958521,0.282496
"130902210035",T+4,0.281683,0.660399
"130902210039",T+4,0.376403,0.360286
"130902210041",T+4,0.370575,0.529412
"130902210042",T+4,0.340098,0.452905
"130902210043",T+4,0.319294,0.505296
"130902210481",T+4,0.129785,0.804499
"130903210131",T+4,0.501259,0.760163
"130903210152",T+4,0.666129,0.847957
"130921210073",T+4,0.510483,0.857285
"130921210077",T+4,0.288167,0.892242
"130921210078",T+4,0.277530,0.679367
"130921210079",T+4,0.279685,0.216014
"130921210085",T+4,0.368265,0.840485
"130921210089",T+4,0.304780,0.850156
"130922210137",T+4,0.359711,0.433096
"130922210138",T+4,0.271058,0.732223
"130922210142",T+4,0.347517,0.946513
"130923210093",T+4,0.579467,0.883176
"130924210476",T+4,0.223111,0.823834
"130924210477",T+4,0.067186,0.821351
"130925210160",T+4,0.447070,0.699408
"130925210162",T+4,0.708612,0.816634
"130925210165",T+4,0.995135,-0.213396
"130927210134",T+4,1.124836,0.686572
"130927210135",T+4,0.826948,0.684900
"130928210094",T+4,0.559348,0.938072
"130929210159",T+4,0.218127,0.960059
"130981210065",T+4,0.553826,0.902158
"130981210069",T+4,3.869026,0.819494
"130981210070",T+4,0.274404,0.984046
"130981210072",T+4,0.904164,0.599008
"130982210143",T+4,0.543917,0.613550
"130982210144",T+4,0.600278,0.566763
"130982210145",T+4,0.361103,0.921024
"130982210147",T+4,0.261960,0.828622
"130982210151",T+4,3.488119,0.685901
"130983210118",T+4,0.685412,0.335744
"130983210486",T+4,0.249790,0.785140
"130983210487",T+4,0.239411,0.467812
"130984210101",T+4,0.176117,0.925878
"130984210105",T+4,0.330897,0.881691
"130984210109",T+4,0.409975,0.421855
"131001210336",T+4,0.207821,0.791589
"131002210316",T+4,0.645255,0.707815
"131002210327",T+4,0.228907,0.882737
"131002210328",T+4,0.176806,0.891007
"131002210471",T+4,0.330195,0.891046
"131003210322",T+4,0.274383,0.901948
"131022210313",T+4,0.611844,0.878173
"131023210348",T+4,0.598545,0.747129
"131023210352",T+4,1.227997,0.776998
"131024210342",T+4,0.881139,0.635662
"131024210343",T+4,1.185619,0.302164
"131025210319",T+4,0.353403,0.789907
"131026210340",T+4,1.337824,-0.390358
"131026210341",T+4,0.293592,0.776412
"131081210307",T+4,0.405370,0.876868
"131082210331",T+4,2.875487,0.180042
"131082210335",T+4,2.377729,0.808233
"131102210002",T+4,0.235145,0.553203
"131102210353",T+4,0.951470,-0.416085
"131102210357",T+4,0.592597,0.797114
"131121210295",T+4,0.428519,0.896349
"131122210292",T+4,1.147892,0.848628
"131123210288",T+4,1.125399,0.840502
"131127210271",T+4,1.864832,0.549360
"131127210277",T+4,1.154395,-0.161023
"131182210283",T+4,0.507182,0.088718
"131182210302",T+4,0.696116,0.775652
"370125210005",T+4,1.648237,-0.004262
"370125210006",T+4,0.735403,0.195677
"370126210003",T+4,1.028449,0.381438
"370126210006",T+4,0.630269,0.671406
"370503210002",T+4,0.139207,0.787804
"370503210003",T+4,0.063449,0.622494
"371402210001",T+4,1.635328,0.491225
"371402210004",T+4,0.496409,0.792788
"371402210009",T+4,0.371357,0.784174
"371402210012",T+4,0.529784,0.875657
"371421210001",T+4,0.414196,0.337354
"371421210002",T+4,1.423668,0.242112
"371421210006",T+4,0.311362,0.932341
"371421210007",T+4,0.428707,0.405012
"371421210008",T+4,0.483203,0.775073
"371421210009",T+4,1.232749,0.599445
"371421210010",T+4,1.071786,0.584914
"371421210012",T+4,0.812334,0.689375
"371422210001",T+4,1.950891,0.636408
"371423210001",T+4,0.237114,0.762864
"371423210002",T+4,0.329417,0.498226
"371423210003",T+4,0.218578,0.490818
"371424210001",T+4,0.737611,0.499626
"371424210002",T+4,1.717848,0.032536
"371424210004",T+4,0.511650,0.732813
"371424210007",T+4,0.408639,0.334512
"371425210001",T+4,0.512262,0.771988
"371425210006",T+4,1.847396,0.118197
"371426210001",T+4,0.535017,0.245769
"371426210002",T+4,0.533767,0.474461
"371426210003",T+4,0.883142,0.507161
"371427210001",T+4,1.150403,0.692997
"371427210004",T+4,1.567156,0.300606
"371427210005",T+4,0.829902,0.486032
"371427210006",T+4,0.886118,0.897347
"371427210007",T+4,0.803118,0.707794
"371428210003",T+4,0.609001,0.910276
"371428210006",T+4,0.912071,0.677219
"371481210006",T+4,0.582240,0.788176
"371481210007",T+4,0.539586,0.837522
"371481210008",T+4,0.535276,0.528173
"371481210010",T+4,0.188833,0.902345
"371481210011",T+4,0.451426,0.540794
"371482210004",T+4,0.639809,0.484122
"371482210005",T+4,0.641821,0.470367
"371502210001",T+4,0.637945,0.677225
"371502210004",T+4,0.926038,0.381081
"371502210007",T+4,0.678045,0.910791
"371502210008",T+4,0.832709,0.673158
"371502210010",T+4,0.740387,0.762523
"371502210011",T+4,0.965946,0.750383
"371521210001",T+4,1.667034,0.672618
"371521210002",T+4,0.914241,0.292999
"371522210002",T+4,0.191298,0.908583
"371522210004",T+4,1.159855,-0.215138
"371522210006",T+4,2.054581,0.676614
"371523210004",T+4,1.409599,0.814150
"371524210001",T+4,0.847447,0.678296
"371524210002",T+4,1.595591,0.430960
"371524210003",T+4,1.245245,0.691289
"371525210001",T+4,0.560274,0.709388
"371525210003",T+4,1.828281,0.737125
"371526210001",T+4,0.796263,0.641082
"371526210004",T+4,0.866054,0.780173
"371526210006",T+4,0.668673,0.799650
"371581210001",T+4,0.760985,0.748266
"371581210003",T+4,2.664902,0.614655
"371581210004",T+4,1.783557,0.706522
"371581210005",T+4,1.543978,0.403816
"371581210006",T+4,1.675488,0.737450
"371603210001",T+4,0.260685,0.305124
"371603210002",T+4,0.910667,0.161997
"371603210004",T+4,0.156040,0.567054
"371603210006",T+4,0.323447,0.621216
"371621210001",T+4,0.502497,0.752567
"371621210005",T+4,0.270025,0.512928
"371621210006",T+4,0.443442,0.631476
"371621210010",T+4,0.610002,0.620259
"371621210012",T+4,0.589852,0.662443
"371622210001",T+4,0.295782,0.694640
"371622210004",T+4,0.405132,0.331107
"371623210001",T+4,0.173888,0.612361
"371623210002",T+4,0.234107,0.648027
"371624210001",T+4,0.307313,0.551565
"371624210004",T+4,0.540431,0.423405
"371624210005",T+4,2.165275,0.822519
"371624210006",T+4,0.232613,0.916198
"371624210007",T+4,0.448886,0.318274
"371625210006",T+4,1.998392,0.199845
"410502210001",T+4,0.739382,0.687237
"410522210003",T+4,4.318797,0.680936
"410522210004",T+4,1.309085,0.897219
"410523210001",T+4,1.523005,0.494544
"410523210003",T+4,8.906783,0.801031
"410526210001",T+4,0.173810,0.778531
"410526210002",T+4,0.243069,0.932864
"410526210003",T+4,0.171449,0.912917
"410526210004",T+4,0.213034,0.744634
"410526210005",T+4,0.222606,0.806411
"410526210006",T+4,0.857133,-0.164550
"410526210007",T+4,0.087561,0.844738
"410526210008",T+4,1.594927,0.600014
"410526210009",T+4,0.148095,0.889617
"410526210011",T+4,0.394062,0.245830
"410526210012",T+4,1.188329,-0.097439
"410527210001",T+4,0.643828,0.901494
"410527210002",T+4,0.198948,0.943592
"410527210003",T+4,1.258582,-0.640460
"410527210005",T+4,0.503513,0.832016
"410527210006",T+4,0.263915,0.814369
"410527210007",T+4,0.124792,0.806757
"410527210009",T+4,0.317058,0.804186
"410621210002",T+4,1.047642,0.665654
"410621210006",T+4,0.970321,0.604511
"410622210001",T+4,1.768585,0.875739
"410725210001",T+4,0.466995,0.897886
"410725210002",T+4,0.470639,0.801107
"410726210001",T+4,1.458287,0.600982
"410726210002",T+4,0.243948,0.874644
"410726210004",T+4,0.236677,0.952261
"410727210001",T+4,0.592863,0.761527
"410727210002",T+4,1.253496,0.400678
"410728210001",T+4,1.247704,0.423799
"410728210002",T+4,0.691938,0.530171
"410781210001",T+4,2.234728,0.915506
"410781210002",T+4,0.484596,0.957124
"410922210001",T+4,0.192908,0.909835
"410922210002",T+4,0.252701,0.892345
"410922210003",T+4,0.613592,0.612205
"410922210004",T+4,0.306335,0.901310
"410923210001",T+4,0.783514,0.623025
"410923210003",T+4,2.343444,-0.014060
"410926210001",T+4,0.825569,0.448777
"410926210002",T+4,2.349898,0.257536
"410926210003",T+4,0.939468,0.778779
"410927210001",T+4,0.845773,0.381049
"410927210002",T+4,0.469067,0.508743
"410928210001",T+4,1.213221,0.669121
"410928210003",T+4,0.867838,0.389410
"410928210004",T+4,0.641938,0.559650
"410928210005",T+4,1.054648,0.326206
"410928210006",T+4,1.221133,0.468975
"410928210007",T+4,0.595241,0.576056
"110102210003",T+5,0.375459,0.976070
"110102210004",T+5,0.281645,0.981526
"110105210002",T+5,0.168894,0.831346
"110105210004",T+5,0.430496,0.928620
"110105210023",T+5,0.594070,0.708399
"110105210024",T+5,0.570741,0.478334
"110106210001",T+5,0.376826,0.944760
"110106210003",T+5,0.280560,0.978550
"110106210006",T+5,0.332008,0.978305
"110107210001",T+5,0.961861,0.955713
"110107210002",T+5,1.276684,0.902534
"110107210003",T+5,0.898662,0.966692
"110108210001",T+5,0.428938,0.958519
"110108210003",T+5,0.982442,0.700875
"110108210006",T+5,1.321297,0.436058
"110108210008",T+5,0.961432,0.813561
"110108210011",T+5,1.865736,0.955866
"110108210013",T+5,0.718077,-0.338995
"110108210016",T+5,2.063307,0.857596
"110111210001",T+5,0.470539,0.831867
"110111210006",T+5,0.363278,0.863329
"110111210007",T+5,0.618706,0.664181
"110111210008",T+5,0.289324,0.893489
"110111210009",T+5,0.811649,0.731846
"110111210010",T+5,1.095998,0.465704
"110111210012",T+5,1.328018,0.382087
"110111210013",T+5,0.804356,0.804001
"110111210014",T+5,0.371464,0.837058
"110111210015",T+5,0.674746,0.816367
"110111210016",T+5,0.436113,0.892753
"110112210004",T+5,0.204713,0.952987
"110112210005",T+5,0.709756,-0.522311
"110112210007",T+5,0.408763,0.806953
"110112210008",T+5,0.607735,0.791798
"110112210009",T+5,0.860039,0.588633
"110112210012",T+5,0.898444,0.722672
"110112210015",T+5,0.913006,0.646518
"110112210019",T+5,1.019846,0.524510
"110112210022",T+5,1.288739,0.680647
"110112210024",T+5,0.731670,0.547683
"110113210001",T+5,0.784532,0.899377
"110113210004",T+5,0.548346,0.575613
"110113210007",T+5,1.184710,0.965181
"110113210010",T+5,1.857615,0.545801
"110113210013",T+5,1.163407,0.958319
"110113210017",T+5,0.515546,0.799840
"110113210021",T+5,0.224077,0.927974
"110113210026",T+5,0.286126,0.844133
"110113210027",T+5,0.942577,0.976212
"110113210028",T+5,1.089670,0.954805
"110113210029",T+5,1.408489,0.929177
"110113210030",T+5,1.107400,0.971678
"110113210033",T+5,0.233333,0.975363
"110113210035",T+5,0.502487,0.972267
"110113210036",T+5,1.389339,0.933902
"110113210037",T+5,0.284103,0.900406
"110113210041",T+5,0.397003,0.957691
"110113210044",T+5,0.771949,0.970789
"110113210045",T+5,0.503915,0.942651
"110113210047",T+5,1.163071,0.703594
"110113210050",T+5,0.298657,0.876425
"110113210054",T+5,1.889392,0.730801
"110113210056",T+5,0.710449,0.971912
"110114210001",T+5,0.116352,0.969371
"110114210005",T+5,0.615552,0.711223
"110114210007",T+5,1.167177,0.497887
"110114210009",T+5,0.599589,0.754915
"110114210013",T+5,0.765830,0.813832
"110114210018",T+5,0.755568,0.858318
"110114210019",T+5,0.782435,0.830792
"110114210022",T+5,0.490125,0.931471
"110114210030",T+5,0.551376,0.959139
"110114210032",T+5,0.925441,0.853584
"110114210036",T+5,0.248532,0.935292
"110114210037",T+5,0.350661,0.785282
"110115210003",T+5,0.277314,0.949686
"110115210004",T+5,0.423117,0.665114
"110115210006",T+5,0.431209,0.915744
"110115210008",T+5,0.070581,0.936431
"110115210010",T+5,0.255384,0.490408
"110115210012",T+5,0.383147,0.745878
"110115210015",T+5,0.624323,0.787524
"110115210019",T+5,0.315107,0.676884
"110115210021",T+5,0.574216,0.914486
"110115210022",T+5,0.245144,0.799646
"110115210025",T+5,0.517503,0.903410
"110116210001",T+5,1.154080,0.966754
"110116210002",T+5,1.096216,0.963712
"110116210003",T+5,1.141193,0.969815
"110116210004",T+5,0.279590,0.970710
"110116210008",T+5,1.644276,0.921522
"110117210001",T+5,0.984626,0.958090
"110117210004",T+5,1.314646,0.850180
"110117210006",T+5,0.814616,0.966128
"110117210007",T+5,0.929862,0.962352
"110117210014",T+5,2.502401,0.926934
"110117210015",T+5,1.603357,0.953168
"110117210016",T+5,1.710495,0.954881
"110117210020",T+5,1.359170,0.960770
"110117210022",T+5,1.633438,0.818166
"110228210001",T+5,1.749087,0.852686
"110228210002",T+5,1.729607,0.679361
"110228210003",T+5,1.158117,0.953512
"110228210005",T+5,0.978956,0.950815
"120107210350",T+5,0.253732,0.709173
"120107210359",T+5,0.749843,0.408676
"120108210355",T+5,0.348289,0.130029
"120108210364",T+5,0.275961,0.815040
"120108210366",T+5,1.403634,0.672043
"120109210426",T+5,5.745258,0.106042
"120110210004",T+5,1.091644,0.303484
"120110210120",T+5,0.216446,0.911396
"120110210122",T+5,0.295965,0.706298
"120110210129",T+5,0.414176,-0.045759
"120111210303",T+5,0.381211,0.437219
"120111210304",T+5,0.899902,0.561480
"120111210305",T+5,0.273605,-0.317443
"120111210312",T+5,0.541231,0.199912
"120112210023",T+5,0.193530,0.877968
"120112210036",T+5,0.287976,0.498748
"120112210105",T+5,0.996085,0.494279
"120112210107",T+5,0.272286,0.240422
"120112210108",T+5,0.550775,0.281902
"120112210109",T+5,1.529651,0.455554
"120112210110",T+5,0.626333,-0.137456
"120112210112",T+5,0.207216,0.719367
"120113210006",T+5,0.275999,0.173829
"120114210009",T+5,0.168720,0.014796
"120115210010",T+5,1.976428,0.856667
"120116210052",T+5,0.524240,0.237309
"120116210054",T+5,0.094618,0.466558
"120116210061",T+5,0.575178,0.223649
"120116210063",T+5,0.069538,0.844371
"120116210064",T+5,0.249765,0.469805
"120116210068",T+5,1.069432,0.747997
"120116210069",T+5,0.509920,0.672631
"120116210075",T+5,0.181234,-2.024739
"120116210076",T+5,0.169790,-0.313224
"120221210003",T+5,0.372381,0.464082
"120221210036",T+5,0.344931,0.397106
"120221210037",T+5,0.260721,0.438519
"120221210039",T+5,0.291868,0.541602
"120221210041",T+5,0.316889,0.503919
"120221210042",T+5,0.235776,0.742570
"120221210044",T+5,0.264869,0.748985
"120221210046",T+5,0.387042,0.577099
"120221210049",T+5,0.939164,-0.212081
"120221210051",T+5,0.244318,0.807204
"120221210214",T+5,0.534816,0.304398
"120221210346",T+5,0.258086,0.775022
"120222210001",T+5,0.643798,-0.002733
"120222210024",T+5,0.497875,-0.018092
"120222210044",T+5,0.231163,0.933728
"120222210045",T+5,0.631820,0.613142
"120222210103",T+5,2.003556,0.513400
"120222210107",T+5,0.256522,0.710857
"120222210113",T+5,0.309762,0.600416
"120222210117",T+5,0.279110,-0.354613
"120222210118",T+5,0.716272,0.474142
"120222210127",T+5,0.234402,0.811082
"120222210131",T+5,2.804830,-0.250809
"120222210135",T+5,2.021511,0.652207
"120222210136",T+5,1.217377,0.121255
"120222210140",T+5,0.651849,0.206764
"120222210141",T+5,0.802882,-0.336825
"120222210142",T+5,0.441923,0.523152
"120222210143",T+5,0.345693,0.363407
"120222210153",T+5,0.321825,0.427071
"120222210155",T+5,0.543893,0.683346
"120222210162",T+5,0.301530,0.334717
"120223210044",T+5,0.186601,0.338011
"120223210049",T+5,0.946016,0.442414
"120223210057",T+5,0.245760,-0.132575
"120223210067",T+5,0.204482,0.585275
"120223210069",T+5,0.261226,0.442332
"120224210009",T+5,0.085206,0.784930
"120224210029",T+5,0.187315,0.043821
"120224210030",T+5,0.238280,0.481723
"120224210032",T+5,0.335403,0.314477
"120224210033",T+5,0.763442,0.415948
"120224210034",T+5,0.338066,0.408873
"120224210037",T+5,0.416610,0.218482
"120224210138",T+5,0.429961,0.749147
"120224210214",T+5,0.468177,0.675790
"120224210220",T+5,0.252009,0.637019
"120224210222",T+5,0.450878,0.110954
"120224210223",T+5,0.439051,-0.447474
"120224210228",T+5,0.281502,0.922561
"120224210230",T+5,0.297767,0.406245
"120224210237",T+5,0.362801,0.076454
"120224210239",T+5,0.052625,0.958813
"120224210240",T+5,0.256379,0.255847
"120224210242",T+5,0.936754,0.006425
"120224210243",T+5,0.299433,-0.255049
"120224210244",T+5,0.324912,-0.540556
"120224210251",T+5,1.003391,0.272403
"120224210308",T+5,0.241896,-0.094254
"120224210312",T+5,0.429892,0.643776
"120225210011",T+5,0.729713,-0.569698
"120225210013",T+5,0.811879,0.109338
"120225210017",T+5,0.834442,0.169521
"120225210069",T+5,1.752844,0.293447
"120225210070",T+5,0.841055,0.715290
"120225210071",T+5,1.822123,0.174666
"120225210072",T+5,0.378179,0.495611
"120225210073",T+5,0.587876,0.277843
"120225210074",T+5,0.936785,0.637609
"120225210076",T+5,0.370305,0.667723
"120225210077",T+5,0.597717,-0.092154
"120225210078",T+5,0.638378,-0.050211
"120225210114",T+5,0.793444,0.630428
"120225210216",T+5,2.267228,-1.017309
"120225210218",T+5,1.199950,0.552303
"120225210326",T+5,0.538510,0.621922
"120225210327",T+5,0.856894,-1.645380
"120225210328",T+5,0.226342,0.192961
"120225210329",T+5,1.211890,0.168091
"120225210337",T+5,0.358982,0.934633
"120225210341",T+5,0.981941,0.543670
"120225210342",T+5,0.295967,0.464924
"120225210343",T+5,1.685425,0.246577
"120225210344",T+5,0.414269,0.668470
"120225210346",T+5,0.961749,0.400586
"120225210348",T+5,0.729951,0.554066
"120225210349",T+5,0.365773,0.082815
"130108210244",T+5,0.187037,0.975080
"130108210247",T+5,0.700786,0.379234
"130108210262",T+5,0.174178,0.970828
"130123210308",T+5,0.224839,0.941134
"130129210599",T+5,1.904824,0.961802
"130132210417",T+5,0.811475,0.937658
"130132210602",T+5,0.578306,0.971679
"130133210236",T+5,0.899715,-0.588568
"130133210603",T+5,0.722781,0.267742
"130181210400",T+5,0.580280,0.821906
"130181210403",T+5,1.270866,0.201716
"130181210405",T+5,0.528933,0.849039
"130181210406",T+5,0.665220,0.619158
"130182210227",T+5,1.152392,0.423883
"130182210606",T+5,0.684370,0.856752
"130183210608",T+5,0.606512,0.458164
"130200210377",T+5,1.226860,0.883169
"130200210380",T+5,0.665262,0.695141
"130200210383",T+5,1.264915,0.015032
"130200210395",T+5,1.903989,-0.062407
"130200210441",T+5,0.696279,0.900590
"130201210445",T+5,0.535437,0.808340
"130201210458",T+5,0.465526,0.522557
"130208210438",T+5,0.520693,0.799527
"130223210470",T+5,0.655621,0.389483
"130224210490",T+5,1.296677,0.506425
"130225210428",T+5,0.228125,0.796880
"130225210447",T+5,0.348025,0.864914
"130225210449",T+5,0.799333,0.333782
"130225210450",T+5,0.461703,0.823947
"130225210452",T+5,0.227992,0.866194
"130225210453",T+5,0.371605,0.735262
"130225210502",T+5,0.470576,0.746364
"130225210504",T+5,0.435570,0.787849
"130225210515",T+5,0.504278,0.701512
"130229210427",T+5,0.620086,0.894899
"130230210478",T+5,0.253851,0.302459
"130230210485",T+5,1.200211,0.810177
"130230210491",T+5,0.467680,0.743956
"130230210494",T+5,0.212544,0.746702
"130283210472",T+5,0.279076,0.845436
"130304210544",T+5,0.151970,0.824399
"130304210547",T+5,0.198878,0.791119
"130304210550",T+5,0.196369,0.694017
"130322210354",T+5,0.577904,0.787520
"130322210356",T+5,0.347192,0.726101
"130322210521",T+5,0.353284,0.757578
"130322210522",T+5,0.351070,0.795204
"130322210531",T+5,0.338328,0.688556
"130402210207",T+5,0.898317,0.664545
"130421210212",T+5,0.289388,0.288400
"130421210213",T+5,0.835451,0.638335
"130421210214",T+5,0.686748,0.683599
"130421210215",T+5,1.117575,0.721868
"130421210216",T+5,0.094029,0.651768
"130423210224",T+5,0.499456,0.739227
"130425210193",T+5,0.414567,0.549814
"130425210194",T+5,1.898803,-0.168747
"130425210197",T+5,0.385181,0.520935
"130427210187",T+5,1.057530,0.765662
"130428210200",T+5,2.521744,0.640411
"130430210228",T+5,1.615148,0.488958
"130435210230",T+5,1.785844,0.621315
"130523210514",T+5,1.031862,0.382846
"130524210495",T+5,3.133522,0.423715
"130524210497",T+5,0.293199,0.771091
"130525210505",T+5,5.128099,0.513215
"130525210510",T+5,0.461881,0.366640
"130525210511",T+5,2.259058,0.742854
"130525210512",T+5,2.379692,0.742476
"130526210540",T+5,3.360491,0.556966
"130526210605",T+5,2.966438,0.809400
"130527210518",T+5,0.691963,0.847962
"130527210519",T+5,0.882329,0.681842
"130529210500",T+5,1.047968,0.346525
"130530210546",T+5,0.599992,0.518425
"130530210548",T+5,2.170740,0.376497
"130532210527",T+5,1.550400,0.666450
"130532210530",T+5,0.462591,0.758173
"130532210532",T+5,2.248734,0.587356
"130533210498",T+5,0.180179,0.795170
"130533210541",T+5,0.667109,0.629656
"130534210534",T+5,0.340754,0.468144
"130534210535",T+5,0.539399,0.624636
"130535210506",T+5,0.779269,0.664509
"130535210513",T+5,1.090689,0.697792
"130581210516",T+5,0.883933,0.321145
"130602210019",T+5,0.447395,0.481528
"130602210040",T+5,0.964074,0.486821
"130602210121",T+5,0.907208,0.610987
"130602210132",T+5,0.665538,0.716676
"130602210136",T+5,0.599656,0.398723
"130602210146",T+5,0.938219,0.577549
"130602210153",T+5,0.935002,0.534160
"130602210155",T+5,0.842643,0.629802
"130602210158",T+5,0.859664,0.717860
"130621210036",T+5,0.874520,0.795056
"130621210037",T+5,1.066350,0.821425
"130621210120",T+5,1.087326,0.799752
"130621210121",T+5,1.126627,0.593393
"130625210055",T+5,1.124121,0.094990
"130625210198",T+5,1.295910,0.862675
"130626210011",T+5,0.577946,0.765373
"130626210012",T+5,1.304142,0.578126
"130626210014",T+5,0.446587,0.782788
"130626210196",T+5,0.590302,0.458021
"130628210021",T+5,0.564684,0.817391
"130628210023",T+5,0.805698,0.544286
"130631210049",T+5,0.734873,0.324483
"130631210050",T+5,0.461863,0.656608
"130631210189",T+5,0.695303,0.341371
"130632210008",T+5,0.628653,0.647663
"130634210044",T+5,0.792503,-0.293814
"130635210033",T+5,1.766720,0.574972
"130636210047",T+5,0.327844,0.357360
"130638210005",T+5,1.090864,0.676795
"130638210053",T+5,0.730747,0.713876
"130681210059",T+5,0.965085,0.752771
"130681210061",T+5,0.304273,0.792116
"130681210063",T+5,0.718266,0.768482
"130682210018",T+5,0.273432,0.658078
"130682210174",T+5,0.606169,0.469534
"130682210175",T+5,0.632951,0.576633
"130683210003",T+5,0.956440,0.291894
"130902210035",T+5,0.312958,0.575878
"130902210039",T+5,0.400785,0.269673
"130902210041",T+5,0.398329,0.449930
"130902210042",T+5,0.364227,0.367780
"130902210043",T+5,0.332471,0.459842
"130902210481",T+5,0.137194,0.778210
"130903210131",T+5,0.551559,0.703395
"130903210152",T+5,0.739732,0.810115
"130921210073",T+5,0.572531,0.817336
"130921210077",T+5,0.334932,0.853962
"130921210078",T+5,0.309791,0.595501
"130921210079",T+5,0.291414,0.156214
"130921210085",T+5,0.414494,0.793765
"130921210089",T+5,0.343237,0.807699
"130922210137",T+5,0.378116,0.369008
"130922210138",T+5,0.300150,0.672611
"130922210142",T+5,0.389993,0.931332
"130923210093",T+5,0.638355,0.857149
"130924210476",T+5,0.243034,0.792821
"130924210477",T+5,0.073935,0.784915
"130925210160",T+5,0.493109,0.630531
"130925210162",T+5,0.771484,0.780721
"130925210165",T+5,1.092147,-0.463159
"130927210134",T+5,1.304329,0.587456
"130927210135",T+5,0.851032,0.669558
"130928210094",T+5,0.637466,0.919595
"130929210159",T+5,0.248953,0.947869
"130981210065",T+5,0.635282,0.870522
"130981210069",T+5,4.487336,0.758894
"130981210070",T+5,0.322352,0.978225
"130981210072",T+5,0.915681,0.587831
"130982210143",T+5,0.594720,0.540840
"130982210144",T+5,0.613710,0.546416
"130982210145",T+5,0.417152,0.893133
"130982210147",T+5,0.295443,0.787130
"130982210151",T+5,3.991397,0.589103
"130983210118",T+5,0.753982,0.198702
"130983210486",T+5,0.271589,0.743539
"130983210487",T+5,0.265130,0.344311
"130984210101",T+5,0.196861,0.907547
"130984210105",T+5,0.386902,0.837309
"130984210109",T+5,0.432393,0.356498
"131001210336",T+5,0.232574,0.737043
"131002210316",T+5,0.685433,0.674136
"131002210327",T+5,0.253657,0.855265
"131002210328",T+5,0.213895,0.841645
"131002210471",T+5,0.396614,0.842775
"131003210322",T+5,0.320376,0.864718
"131022210313",T+5,0.672207,0.858483
"131023210348",T+5,0.622586,0.726750
"131023210352",T+5,1.393113,0.715418
"131024210342",T+5,0.929401,0.587437
"131024210343",T+5,1.335258,0.097539
"131025210319",T+5,0.395405,0.734578
"131026210340",T+5,1.449591,-0.652560
"131026210341",T+5,0.330875,0.716247
"131081210307",T+5,0.479263,0.829645
"131082210331",T+5,2.837540,0.207201
"131082210335",T+5,2.676811,0.757676
"131102210002",T+5,0.257145,0.463256
"131102210353",T+5,0.946650,-0.421323
"131102210357",T+5,0.670670,0.740358
"131121210295",T+5,0.509890,0.853556
"131122210292",T+5,1.240874,0.820363
"131123210288",T+5,1.256409,0.795688
"131127210271",T+5,1.919046,0.542168
"131127210277",T+5,1.291868,-0.454012
"131182210283",T+5,0.564567,-0.112133
"131182210302",T+5,0.779993,0.709795
"370125210005",T+5,1.732724,-0.114496
"370125210006",T+5,0.744816,0.171002
"370126210003",T+5,1.076549,0.324375
"370126210006",T+5,0.694586,0.596048
"370503210002",T+5,0.166302,0.696708
"370503210003",T+5,0.072993,0.498738
"371402210001",T+5,1.657552,0.482299
"371402210004",T+5,0.533260,0.755410
"371402210009",T+5,0.413439,0.730731
"371402210012",T+5,0.601041,0.840766
"371421210001",T+5,0.449385,0.214665
"371421210002",T+5,1.437157,0.229319
"371421210006",T+5,0.359048,0.911690
"371421210007",T+5,0.447239,0.348970
"371421210008",T+5,0.536638,0.723201
"371421210009",T+5,1.350311,0.522317
"371421210010",T+5,1.122023,0.547418
"371421210012",T+5,0.881735,0.636588
"371422210001",T+5,1.991010,0.624413
"371423210001",T+5,0.263420,0.707448
"371423210002",T+5,0.350358,0.426120
"371423210003",T+5,0.216353,0.502299
"371424210001",T+5,0.780215,0.441626
"371424210002",T+5,1.702324,0.051951
"371424210004",T+5,0.555416,0.685759
"371424210007",T+5,0.432564,0.254758
"371425210001",T+5,0.551520,0.737287
"371425210006",T+5,2.005391,-0.041482
"371426210001",T+5,0.573456,0.133532
"371426210002",T+5,0.571071,0.398645
"371426210003",T+5,0.916520,0.470679
"371427210001",T+5,1.256827,0.645456
"371427210004",T+5,1.612430,0.267766
"371427210005",T+5,0.872910,0.434672
"371427210006",T+5,0.998951,0.870688
"371427210007",T+5,0.884300,0.646811
"371428210003",T+5,0.670265,0.894006
"371428210006",T+5,0.975031,0.632171
"371481210006",T+5,0.639190,0.747734
"371481210007",T+5,0.612796,0.791531
"371481210008",T+5,0.563586,0.477318
"371481210010",T+5,0.216084,0.874680
"371481210011",T+5,0.506791,0.423293
"371482210004",T+5,0.705548,0.377015
"371482210005",T+5,0.679891,0.405263
"371502210001",T+5,0.697450,0.619955
"371502210004",T+5,0.960233,0.333275
"371502210007",T+5,0.781043,0.882353
"371502210008",T+5,0.880185,0.634233
"371502210010",T+5,0.793520,0.726378
"371502210011",T+5,1.069319,0.693850
"371521210001",T+5,1.742920,0.643671
"371521210002",T+5,0.951528,0.234571
"371522210002",T+5,0.211901,0.891185
"371522210004",T+5,1.135971,-0.152378
"371522210006",T+5,2.187705,0.633174
"371523210004",T+5,1.498117,0.792167
"371524210001",T+5,0.912182,0.629807
"371524210002",T+5,1.633406,0.405850
"371524210003",T+5,1.324508,0.652364
"371525210001",T+5,0.602941,0.659190
"371525210003",T+5,1.935629,0.710228
"371526210001",T+5,0.830790,0.612832
"371526210004",T+5,0.963944,0.730380
"371526210006",T+5,0.734572,0.759801
"371581210001",T+5,0.821487,0.713254
"371581210003",T+5,2.826734,0.567025
"371581210004",T+5,1.959240,0.654435
"371581210005",T+5,1.591956,0.368606
"371581210006",T+5,1.810135,0.699030
"371603210001",T+5,0.288938,0.149153
"371603210002",T+5,1.004543,-0.020359
"371603210004",T+5,0.176438,0.445989
"371603210006",T+5,0.343445,0.573420
"371621210001",T+5,0.556491,0.695786
"371621210005",T+5,0.276190,0.492470
"371621210006",T+5,0.488651,0.547812
"371621210010",T+5,0.639792,0.582874
"371621210012",T+5,0.648112,0.594019
"371622210001",T+5,0.308136,0.666003
"371622210004",T+5,0.426619,0.261298
"371623210001",T+5,0.187561,0.549470
"371623210002",T+5,0.261900,0.559184
"371624210001",T+5,0.338493,0.452702
"371624210004",T+5,0.564946,0.366408
"371624210005",T+5,2.307636,0.795685
"371624210006",T+5,0.259985,0.894925
"371624210007",T+5,0.486532,0.191490
"371625210006",T+5,2.115092,0.104173
"410502210001",T+5,0.751905,0.673795
"410522210003",T+5,4.527910,0.650002
"410522210004",T+5,1.462426,0.870474
"410523210001",T+5,1.640930,0.411977
"410523210003",T+5,9.962007,0.746725
"410526210001",T+5,0.197919,0.709637
"410526210002",T+5,0.288637,0.904639
"410526210003",T+5,0.197561,0.885044
"410526210004",T+5,0.240018,0.677350
"410526210005",T+5,0.245267,0.766109
"410526210006",T+5,0.867198,-0.179599
"410526210007",T+5,0.099905,0.800495
"410526210008",T+5,1.815585,0.472951
"410526210009",T+5,0.172700,0.850755
"410526210011",T+5,0.392015,0.260821
"410526210012",T+5,1.192846,-0.104419
"410527210001",T+5,0.722732,0.874779
"410527210002",T+5,0.237463,0.920330
"410527210003",T+5,1.434165,-1.227368
"410527210005",T+5,0.528735,0.813920
"410527210006",T+5,0.319662,0.729833
"410527210007",T+5,0.145091,0.738312
"410527210009",T+5,0.334527,0.780871
"410621210002",T+5,1.149473,0.596829
"410621210006",T+5,1.088698,0.501050
"410622210001",T+5,1.956376,0.845003
"410725210001",T+5,0.531856,0.867587
"410725210002",T+5,0.531062,0.745647
"410726210001",T+5,1.502167,0.577681
"410726210002",T+5,0.286229,0.826165
"410726210004",T+5,0.276669,0.934653
"410727210001",T+5,0.653070,0.722484
"410727210002",T+5,1.338021,0.321859
"410728210001",T+5,1.343908,0.328333
"410728210002",T+5,0.763237,0.424661
"410781210001",T+5,2.672033,0.877800
"410781210002",T+5,0.569829,0.940306
"410922210001",T+5,0.217195,0.887099
"410922210002",T+5,0.291311,0.856861
"410922210003",T+5,0.635713,0.584255
"410922210004",T+5,0.341458,0.877603
"410923210001",T+5,0.833224,0.579233
"410923210003",T+5,2.377850,-0.015056
"410926210001",T+5,0.852654,0.404051
"410926210002",T+5,2.509885,0.195601
"410926210003",T+5,1.034076,0.730167
"410927210001",T+5,0.863913,0.355535
"410927210002",T+5,0.517541,0.403148
"410928210001",T+5,1.268664,0.637768
"410928210003",T+5,0.920102,0.311736
"410928210004",T+5,0.672168,0.518121
"410928210005",T+5,1.127632,0.230067
"410928210006",T+5,1.262305,0.433069
"410928210007",T+5,0.649893,0.494861
"110102210003",T+6,0.433737,0.967882
"110102210004",T+6,0.329116,0.974768
"110105210002",T+6,0.188200,0.789733
"110105210004",T+6,0.488890,0.908685
"110105210023",T+6,0.666723,0.632343
"110105210024",T+6,0.640336,0.358744
"110106210001",T+6,0.444717,0.922849
"110106210003",T+6,0.323770,0.971555
"110106210006",T+6,0.374903,0.972435
"110107210001",T+6,1.141294,0.937030
"110107210002",T+6,1.472465,0.869162
"110107210003",T+6,1.071173,0.952151
"110108210001",T+6,0.510808,0.940125
"110108210003",T+6,1.084363,0.646968
"110108210006",T+6,1.439455,0.339970
"110108210008",T+6,1.005929,0.796160
"110108210011",T+6,2.212612,0.937919
"110108210013",T+6,0.735160,-0.382394
"110108210016",T+6,2.274728,0.825869
"110111210001",T+6,0.522792,0.791208
"110111210006",T+6,0.415245,0.820922
"110111210007",T+6,0.675340,0.600654
"110111210008",T+6,0.334474,0.855610
"110111210009",T+6,0.881833,0.684264
"110111210010",T+6,1.216018,0.342242
"110111210012",T+6,1.401510,0.313450
"110111210013",T+6,0.875068,0.767007
"110111210014",T+6,0.401259,0.808723
"110111210015",T+6,0.782834,0.755712
"110111210016",T+6,0.498375,0.860036
"110112210004",T+6,0.239791,0.934620
"110112210005",T+6,0.727171,-0.601716
"110112210007",T+6,0.432820,0.775348
"110112210008",T+6,0.678237,0.742940
"110112210009",T+6,0.974825,0.476621
"110112210012",T+6,0.935300,0.701316
"110112210015",T+6,1.012121,0.570861
"110112210019",T+6,1.127736,0.422562
"110112210022",T+6,1.311716,0.670838
"110112210024",T+6,0.797882,0.466310
"110113210001",T+6,0.904963,0.866321
"110113210004",T+6,0.592508,0.509043
"110113210007",T+6,1.344844,0.954830
"110113210010",T+6,2.021745,0.468510
"110113210013",T+6,1.375026,0.940759
"110113210017",T+6,0.627789,0.699465
"110113210021",T+6,0.263089,0.900119
"110113210026",T+6,0.320764,0.803528
"110113210027",T+6,1.118139,0.966134
"110113210028",T+6,1.273404,0.936982
"110113210029",T+6,1.655880,0.902194
"110113210030",T+6,1.313716,0.959393
"110113210033",T+6,0.273881,0.966075
"110113210035",T+6,0.608752,0.959652
"110113210036",T+6,1.617244,0.910652
"110113210037",T+6,0.315750,0.877612
"110113210041",T+6,0.443204,0.947623
"110113210044",T+6,0.912077,0.959556
"110113210045",T+6,0.587962,0.922963
"110113210047",T+6,1.277281,0.645408
"110113210050",T+6,0.344741,0.839229
"110113210054",T+6,2.095188,0.682316
"110113210056",T+6,0.839827,0.960826
"110114210001",T+6,0.144026,0.953492
"110114210005",T+6,0.693014,0.637737
"110114210007",T+6,1.200990,0.469606
"110114210009",T+6,0.675811,0.683441
"110114210013",T+6,0.857279,0.763623
"110114210018",T+6,0.879196,0.807594
"110114210019",T+6,0.909638,0.771372
"110114210022",T+6,0.573669,0.906070
"110114210030",T+6,0.634520,0.946233
"110114210032",T+6,1.112356,0.785221
"110114210036",T+6,0.284195,0.915071
"110114210037",T+6,0.379501,0.746748
"110115210003",T+6,0.300640,0.940617
"110115210004",T+6,0.475485,0.590483
"110115210006",T+6,0.493944,0.892383
"110115210008",T+6,0.075612,0.928048
"110115210010",T+6,0.283388,0.371940
"110115210012",T+6,0.426624,0.701620
"110115210015",T+6,0.710895,0.728884
"110115210019",T+6,0.356880,0.586039
"110115210021",T+6,0.672286,0.882017
"110115210022",T+6,0.275328,0.753508
"110115210025",T+6,0.596024,0.873017
"110116210001",T+6,1.356155,0.953118
"110116210002",T+6,1.310615,0.947201
"110116210003",T+6,1.357795,0.956434
"110116210004",T+6,0.319795,0.962123
"110116210008",T+6,1.888559,0.892820
"110117210001",T+6,1.157123,0.941574
"110117210004",T+6,1.388492,0.833782
"110117210006",T+6,0.964491,0.952448
"110117210007",T+6,1.099350,0.947024
"110117210014",T+6,2.940370,0.897485
"110117210015",T+6,1.902304,0.933681
"110117210016",T+6,2.036882,0.935466
"110117210020",T+6,1.610649,0.944486
"110117210022",T+6,1.809616,0.775544
"110228210001",T+6,1.936929,0.813319
"110228210002",T+6,1.923912,0.604076
"110228210003",T+6,1.339980,0.936328
"110228210005",T+6,1.142689,0.931373
"120107210350",T+6,0.285711,0.629646
"120107210359",T+6,0.836481,0.284785
"120108210355",T+6,0.358976,0.075826
"120108210364",T+6,0.307229,0.767245
"120108210366",T+6,1.501409,0.623955
"120109210426",T+6,6.176166,-0.030946
"120110210004",T+6,1.147142,0.232877
"120110210120",T+6,0.242247,0.887180
"120110210122",T+6,0.327705,0.640763
"120110210129",T+6,0.452813,-0.234377
"120111210303",T+6,0.416121,0.319401
"120111210304",T+6,0.997820,0.458836
"120111210305",T+6,0.275733,-0.346607
"120111210312",T+6,0.562374,0.134485
"120112210023",T+6,0.216718,0.845840
"120112210036",T+6,0.311860,0.412024
"120112210105",T+6,1.034704,0.445213
"120112210107",T+6,0.287462,0.149585
"120112210108",T+6,0.580661,0.210787
"120112210109",T+6,1.640407,0.373833
"120112210110",T+6,0.669211,-0.388058
"120112210112",T+6,0.239215,0.628781
"120113210006",T+6,0.298870,0.006261
"120114210009",T+6,0.174358,-0.052402
"120115210010",T+6,2.165842,0.827955
"120116210052",T+6,0.571072,0.096168
"120116210054",T+6,0.101844,0.382389
"120116210061",T+6,0.594411,0.170356
"120116210063",T+6,0.079757,0.797351
"120116210064",T+6,0.281050,0.336825
"120116210068",T+6,1.213283,0.680715
"120116210069",T+6,0.536402,0.636543
"120116210075",T+6,0.197045,-2.614038
"120116210076",T+6,0.186810,-0.575724
"120221210003",T+6,0.404753,0.367861
"120221210036",T+6,0.380966,0.305265
"120221210037",T+6,0.268453,0.395511
"120221210039",T+6,0.312983,0.470002
"120221210041",T+6,0.351252,0.394003
"120221210042",T+6,0.255259,0.696345
"120221210044",T+6,0.297777,0.676531
"120221210046",T+6,0.406488,0.529814
"120221210049",T+6,1.021923,-0.616330
"120221210051",T+6,0.274920,0.756072
"120221210214",T+6,0.540282,0.290619
"120221210346",T+6,0.283948,0.729480
"120222210001",T+6,0.644222,-0.005489
"120222210024",T+6,0.540741,-0.192211
"120222210044",T+6,0.258304,0.915843
"120222210045",T+6,0.674808,0.556291
"120222210103",T+6,2.140553,0.470122
"120222210107",T+6,0.295291,0.618165
"120222210113",T+6,0.349395,0.494986
"120222210117",T+6,0.293675,-0.505608
"120222210118",T+6,0.792895,0.350707
"120222210127",T+6,0.265508,0.756181
"120222210131",T+6,2.980429,-0.444994
"120222210135",T+6,2.168771,0.601580
"120222210136",T+6,1.276647,0.033606
"120222210140",T+6,0.696551,0.098260
"120222210141",T+6,0.854819,-0.523988
"120222210142",T+6,0.485252,0.443223
"120222210143",T+6,0.387306,0.306220
"120222210153",T+6,0.335877,0.389083
"120222210155",T+6,0.586882,0.631384
"120222210162",T+6,0.315777,0.270938
"120223210044",T+6,0.204081,0.211275
"120223210049",T+6,1.013353,0.364282
"120223210057",T+6,0.254929,-0.226458
"120223210067",T+6,0.215800,0.537967
"120223210069",T+6,0.271060,0.394946
"120224210009",T+6,0.097852,0.719662
"120224210029",T+6,0.200472,-0.096420
"120224210030",T+6,0.253756,0.415683
"120224210032",T+6,0.358592,0.212788
"120224210033",T+6,0.809496,0.368099
"120224210034",T+6,0.352872,0.369017
"120224210037",T+6,0.417808,0.216515
"120224210138",T+6,0.458747,0.714868
"120224210214",T+6,0.511127,0.610112
"120224210220",T+6,0.277319,0.559424
"120224210222",T+6,0.478067,0.002229
"120224210223",T+6,0.438666,-0.450215
"120224210228",T+6,0.310683,0.904544
"120224210230",T+6,0.319291,0.313057
"120224210237",T+6,0.377600,0.000833
"120224210239",T+6,0.059773,0.946105
"120224210240",T+6,0.273434,0.154676
"120224210242",T+6,0.969642,-0.068589
"120224210243",T+6,0.316070,-0.383848
"120224210244",T+6,0.363784,-0.911631
"120224210251",T+6,1.063534,0.189526
"120224210308",T+6,0.245073,-0.122601
"120224210312",T+6,0.471520,0.574353
"120225210011",T+6,0.736169,-0.608677
"120225210013",T+6,0.889092,-0.036560
"120225210017",T+6,0.867606,0.095333
"120225210069",T+6,1.686126,0.340583
"120225210070",T+6,0.911138,0.663500
"120225210071",T+6,1.848949,0.143113
"120225210072",T+6,0.391471,0.454976
"120225210073",T+6,0.613596,0.207402
"120225210074",T+6,1.001151,0.582499
"120225210076",T+6,0.402268,0.628038
"120225210077",T+6,0.606885,-0.107006
"120225210078",T+6,0.625727,-0.017117
"120225210114",T+6,0.863957,0.563151
"120225210216",T+6,2.285161,-1.083437
"120225210218",T+6,1.256657,0.505992
"120225210326",T+6,0.590551,0.544198
"120225210327",T+6,0.886292,-1.924557
"120225210328",T+6,0.243078,0.069226
"120225210329",T+6,1.267415,0.121667
"120225210337",T+6,0.415525,0.911891
"120225210341",T+6,1.026305,0.497842
"120225210342",T+6,0.320557,0.373185
"120225210343",T+6,1.815470,0.167368
"120225210344",T+6,0.473099,0.566224
"120225210346",T+6,0.956252,0.403637
"120225210348",T+6,0.779225,0.492290
"120225210349",T+6,0.376757,0.014912
"130108210244",T+6,0.217879,0.966652
"130108210247",T+6,0.762231,0.278853
"130108210262",T+6,0.209675,0.958217
"130123210308",T+6,0.254124,0.926071
"130129210599",T+6,2.262642,0.947193
"130132210417",T+6,0.963651,0.912833
"130132210602",T+6,0.624685,0.967071
"130133210236",T+6,0.946163,-0.722618
"130133210603",T+6,0.747249,0.227682
"130181210400",T+6,0.606391,0.805791
"130181210403",T+6,1.298544,0.160236
"130181210405",T+6,0.593458,0.809133
"130181210406",T+6,0.724070,0.548570
"130182210227",T+6,1.272500,0.313304
"130182210606",T+6,0.786106,0.812325
"130183210608",T+6,0.622874,0.415600
"130200210377",T+6,1.368503,0.853849
"130200210380",T+6,0.752730,0.610663
"130200210383",T+6,1.479438,-0.347388
"130200210395",T+6,2.041651,-0.212742
"130200210441",T+6,0.788558,0.874131
"130201210445",T+6,0.592500,0.761038
"130201210458",T+6,0.484546,0.477299
"130208210438",T+6,0.588829,0.747317
"130223210470",T+6,0.690504,0.331588
"130224210490",T+6,1.483356,0.341226
"130225210428",T+6,0.250768,0.756839
"130225210447",T+6,0.389115,0.832489
"130225210449",T+6,0.837042,0.263631
"130225210450",T+6,0.495404,0.796579
"130225210452",T+6,0.262784,0.823772
"130225210453",T+6,0.396440,0.702258
"130225210502",T+6,0.507634,0.706011
"130225210504",T+6,0.486442,0.736769
"130225210515",T+6,0.557164,0.637335
"130229210427",T+6,0.672729,0.877797
"130230210478",T+6,0.272931,0.178774
"130230210485",T+6,1.412010,0.741049
"130230210491",T+6,0.502759,0.705513
"130230210494",T+6,0.223262,0.711171
"130283210472",T+6,0.326263,0.791071
"130304210544",T+6,0.161981,0.801034
"130304210547",T+6,0.212142,0.763616
"130304210550",T+6,0.209294,0.654157
"130322210354",T+6,0.619242,0.757555
"130322210356",T+6,0.372609,0.686474
"130322210521",T+6,0.390388,0.705266
"130322210522",T+6,0.382435,0.757504
"130322210531",T+6,0.369240,0.628683
"130402210207",T+6,0.974554,0.609282
"130421210212",T+6,0.300638,0.238753
"130421210213",T+6,0.912289,0.569882
"130421210214",T+6,0.720526,0.653458
"130421210215",T+6,1.186299,0.691132
"130421210216",T+6,0.101106,0.602847
"130423210224",T+6,0.540770,0.692375
"130425210193",T+6,0.464949,0.436487
"130425210194",T+6,1.940637,-0.209594
"130425210197",T+6,0.419767,0.438564
"130427210187",T+6,1.184582,0.708627
"130428210200",T+6,2.807182,0.560381
"130430210228",T+6,1.709116,0.435125
"130435210230",T+6,1.979308,0.540980
"130523210514",T+6,1.164920,0.200921
"130524210495",T+6,3.377924,0.331862
"130524210497",T+6,0.340471,0.690227
"130525210505",T+6,5.271928,0.489514
"130525210510",T+6,0.508060,0.243585
"130525210511",T+6,2.529225,0.681241
"130525210512",T+6,2.565716,0.704578
"130526210540",T+6,3.481232,0.531246
"130526210605",T+6,3.496053,0.730287
"130527210518",T+6,0.791079,0.802974
"130527210519",T+6,1.031062,0.571454
"130529210500",T+6,1.140514,0.228194
"130530210546",T+6,0.607746,0.511008
"130530210548",T+6,2.375709,0.261798
"130532210527",T+6,1.730746,0.587737
"130532210530",T+6,0.521341,0.696725
"130532210532",T+6,2.379053,0.544793
"130533210498",T+6,0.209537,0.725180
"130533210541",T+6,0.689287,0.610313
"130534210534",T+6,0.358320,0.420409
"130534210535",T+6,0.595750,0.544180
"130535210506",T+6,0.855962,0.596713
"130535210513",T+6,1.105538,0.693847
"130581210516",T+6,0.948423,0.226998
"130602210019",T+6,0.503561,0.324258
"130602210040",T+6,1.120923,0.313169
"130602210121",T+6,0.990432,0.542180
"130602210132",T+6,0.760722,0.631492
"130602210136",T+6,0.646611,0.301047
"130602210146",T+6,1.023952,0.502848
"130602210153",T+6,1.042456,0.426893
"130602210155",T+6,0.941613,0.542112
"130602210158",T+6,1.012274,0.609075
"130621210036",T+6,0.933895,0.769352
"130621210037",T+6,1.235014,0.762687
"130621210120",T+6,1.261048,0.731328
"130621210121",T+6,1.160934,0.574181
"130625210055",T+6,1.114864,0.117638
"130625210198",T+6,1.522387,0.811937
"130626210011",T+6,0.644574,0.712120
"130626210012",T+6,1.356699,0.548329
"130626210014",T+6,0.495951,0.735855
"130626210196",T+6,0.647347,0.357285
"130628210021",T+6,0.656573,0.755664
"130628210023",T+6,0.824814,0.525143
"130631210049",T+6,0.786966,0.222845
"130631210050",T+6,0.480042,0.629045
"130631210189",T+6,0.729916,0.274164
"130632210008",T+6,0.681791,0.589956
"130634210044",T+6,0.808002,-0.344914
"130635210033",T+6,1.944155,0.485312
"130636210047",T+6,0.358546,0.231363
"130638210005",T+6,1.192135,0.619497
"130638210053",T+6,0.825828,0.636274
"130681210059",T+6,1.054882,0.704623
"130681210061",T+6,0.326280,0.760958
"130681210063",T+6,0.823210,0.695887
"130682210018",T+6,0.296899,0.596869
"130682210174",T+6,0.682583,0.327361
"130682210175",T+6,0.724226,0.445724
"130683210003",T+6,0.924876,0.343142
"130902210035",T+6,0.342284,0.486720
"130902210039",T+6,0.423708,0.178542
"130902210041",T+6,0.424612,0.367324
"130902210042",T+6,0.385438,0.286357
"130902210043",T+6,0.354078,0.382742
"130902210481",T+6,0.153818,0.716687
"130903210131",T+6,0.599505,0.641286
"130903210152",T+6,0.795988,0.777146
"130921210073",T+6,0.606284,0.791397
"130921210077",T+6,0.376100,0.815299
"130921210078",T+6,0.331618,0.533139
"130921210079",T+6,0.297266,0.131371
"130921210085",T+6,0.450789,0.750680
"130921210089",T+6,0.372523,0.770572
"130922210137",T+6,0.389308,0.326195
"130922210138",T+6,0.329556,0.606350
"130922210142",T+6,0.435342,0.912816
"130923210093",T+6,0.683555,0.834885
"130924210476",T+6,0.261963,0.761551
"130924210477",T+6,0.082452,0.734432
"130925210160",T+6,0.522790,0.580214
"130925210162",T+6,0.819356,0.752103
"130925210165",T+6,1.157217,-0.644542
"130927210134",T+6,1.475365,0.483362
"130927210135",T+6,0.847411,0.675427
"130928210094",T+6,0.705341,0.901538
"130929210159",T+6,0.282102,0.932897
"130981210065",T+6,0.705199,0.839459
"130981210069",T+6,5.042225,0.697899
"130981210070",T+6,0.368828,0.971775
"130981210072",T+6,0.935229,0.568922
"130982210143",T+6,0.634972,0.479044
"130982210144",T+6,0.613214,0.546151
"130982210145",T+6,0.472703,0.860706
"130982210147",T+6,0.330433,0.739801
"130982210151",T+6,4.327672,0.517458
"130983210118",T+6,0.802065,0.094331
"130983210486",T+6,0.292100,0.700431
"130983210487",T+6,0.282522,0.252028
"130984210101",T+6,0.212990,0.891944
"130984210105",T+6,0.440685,0.787657
"130984210109",T+6,0.467397,0.246896
"131001210336",T+6,0.252320,0.688006
"131002210316",T+6,0.717757,0.646631
"131002210327",T+6,0.276896,0.826599
"131002210328",T+6,0.250132,0.785367
"131002210471",T+6,0.458594,0.790013
"131003210322",T+6,0.363776,0.824495
"131022210313",T+6,0.733288,0.837693
"131023210348",T+6,0.647143,0.705423
"131023210352",T+6,1.508284,0.669190
"131024210342",T+6,0.981344,0.530271
"131024210343",T+6,1.436209,-0.063540
"131025210319",T+6,0.440189,0.667742
"131026210340",T+6,1.507502,-0.809344
"131026210341",T+6,0.370840,0.643684
"131081210307",T+6,0.550180,0.778150
"131082210331",T+6,2.791401,0.238047
"131082210335",T+6,2.983251,0.700009
"131102210002",T+6,0.278094,0.368942
"131102210353",T+6,0.954634,-0.464167
"131102210357",T+6,0.736153,0.687626
"131121210295",T+6,0.584448,0.807887
"131122210292",T+6,1.317021,0.794530
"131123210288",T+6,1.371513,0.749413
"131127210271",T+6,1.951567,0.540542
"131127210277",T+6,1.415323,-0.745191
"131182210283",T+6,0.614660,-0.303285
"131182210302",T+6,0.852412,0.642713
"370125210005",T+6,1.805807,-0.215775
"370125210006",T+6,0.765920,0.118953
"370126210003",T+6,1.106415,0.288645
"370126210006",T+6,0.747191,0.527351
"370503210002",T+6,0.186071,0.617162
"370503210003",T+6,0.082438,0.362213
"371402210001",T+6,1.657703,0.487048
"371402210004",T+6,0.572238,0.712643
"371402210009",T+6,0.449702,0.678987
"371402210012",T+6,0.666208,0.805599
"371421210001",T+6,0.480389,0.096398
"371421210002",T+6,1.446565,0.220698
"371421210006",T+6,0.403083,0.890576
"371421210007",T+6,0.465899,0.289624
"371421210008",T+6,0.585398,0.671186
"371421210009",T+6,1.447411,0.454385
"371421210010",T+6,1.155351,0.522394
"371421210012",T+6,0.941784,0.588259
"371422210001",T+6,2.012241,0.619395
"371423210001",T+6,0.285289,0.656279
"371423210002",T+6,0.364813,0.373614
"371423210003",T+6,0.212608,0.519369
"371424210001",T+6,0.813375,0.394525
"371424210002",T+6,1.693636,0.063401
"371424210004",T+6,0.586378,0.650513
"371424210007",T+6,0.467372,0.128804
"371425210001",T+6,0.584048,0.707130
"371425210006",T+6,2.167133,-0.218483
"371426210001",T+6,0.618354,-0.007019
"371426210002",T+6,0.603513,0.328131
"371426210003",T+6,0.943753,0.440333
"371427210001",T+6,1.323391,0.619215
"371427210004",T+6,1.646695,0.244787
"371427210005",T+6,0.917781,0.378000
"371427210006",T+6,1.100758,0.844388
"371427210007",T+6,0.961913,0.583373
"371428210003",T+6,0.741670,0.874149
"371428210006",T+6,1.034200,0.587351
"371481210006",T+6,0.706194,0.695602
"371481210007",T+6,0.679017,0.745296
"371481210008",T+6,0.601805,0.404528
"371481210010",T+6,0.240491,0.847691
"371481210011",T+6,0.551043,0.320580
"371482210004",T+6,0.755403,0.291514
"371482210005",T+6,0.705512,0.359203
"371502210001",T+6,0.746811,0.570481
"371502210004",T+6,0.981665,0.301082
"371502210007",T+6,0.863408,0.857001
"371502210008",T+6,0.908527,0.609259
"371502210010",T+6,0.834642,0.695287
"371502210011",T+6,1.133771,0.653905
"371521210001",T+6,1.809325,0.617557
"371521210002",T+6,0.994555,0.164388
"371522210002",T+6,0.231254,0.874076
"371522210004",T+6,1.068479,-0.008011
"371522210006",T+6,2.357023,0.573847
"371523210004",T+6,1.562880,0.775973
"371524210001",T+6,0.962847,0.590445
"371524210002",T+6,1.640852,0.402404
"371524210003",T+6,1.387333,0.620226
"371525210001",T+6,0.641889,0.608365
"371525210003",T+6,2.058444,0.677512
"371526210001",T+6,0.861120,0.587616
"371526210004",T+6,1.049841,0.683260
"371526210006",T+6,0.790167,0.723806
"371581210001",T+6,0.858613,0.693500
"371581210003",T+6,2.946416,0.530127
"371581210004",T+6,2.125321,0.602895
"371581210005",T+6,1.637558,0.334598
"371581210006",T+6,1.933800,0.662448
"371603210001",T+6,0.308530,0.033057
"371603210002",T+6,1.074357,-0.166589
"371603210004",T+6,0.193201,0.334675
"371603210006",T+6,0.359720,0.532796
"371621210001",T+6,0.604586,0.640461
"371621210005",T+6,0.280519,0.478525
"371621210006",T+6,0.536621,0.450293
"371621210010",T+6,0.665378,0.549469
"371621210012",T+6,0.703104,0.524875
"371622210001",T+6,0.328108,0.617966
"371622210004",T+6,0.444100,0.202382
"371623210001",T+6,0.200100,0.488100
"371623210002",T+6,0.285608,0.474980
"371624210001",T+6,0.360049,0.376124
"371624210004",T+6,0.577677,0.333318
"371624210005",T+6,2.489646,0.761427
"371624210006",T+6,0.283787,0.874243
"371624210007",T+6,0.509426,0.103849
"371625210006",T+6,2.228179,0.006327
"410502210001",T+6,0.778654,0.647190
"410522210003",T+6,4.878021,0.594514
"410522210004",T+6,1.600525,0.843231
"410523210001",T+6,1.724342,0.349506
"410523210003",T+6,10.931430,0.689382
"410526210001",T+6,0.220435,0.635851
"410526210002",T+6,0.333035,0.872093
"410526210003",T+6,0.220174,0.858086
"410526210004",T+6,0.267648,0.600848
"410526210005",T+6,0.266274,0.725698
"410526210006",T+6,0.935650,-0.358818
"410526210007",T+6,0.112630,0.749916
"410526210008",T+6,1.999357,0.349881
"410526210009",T+6,0.197043,0.806931
"410526210011",T+6,0.423417,0.146156
"410526210012",T+6,1.214398,-0.143511
"410527210001",T+6,0.806807,0.842469
"410527210002",T+6,0.276444,0.892994
"410527210003",T+6,1.482216,-1.497865
"410527210005",T+6,0.563760,0.787447
"410527210006",T+6,0.355192,0.669181
"410527210007",T+6,0.166348,0.655466
"410527210009",T+6,0.356091,0.750030
"410621210002",T+6,1.213151,0.549762
"410621210006",T+6,1.165840,0.426214
"410622210001",T+6,2.219560,0.796343
"410725210001",T+6,0.592515,0.835634
"410725210002",T+6,0.583874,0.691057
"410726210001",T+6,1.563504,0.543652
"410726210002",T+6,0.325865,0.774863
"410726210004",T+6,0.317029,0.913812
"410727210001",T+6,0.709289,0.685572
"410727210002",T+6,1.393588,0.269510
"410728210001",T+6,1.414417,0.252384
"410728210002",T+6,0.809799,0.352911
"410781210001",T+6,3.081590,0.835516
"410781210002",T+6,0.652139,0.921277
"410922210001",T+6,0.241801,0.861830
"410922210002",T+6,0.329927,0.816385
"410922210003",T+6,0.672760,0.534941
"410922210004",T+6,0.372754,0.854426
"410923210001",T+6,0.890016,0.526083
"410923210003",T+6,2.482902,-0.076408
"410926210001",T+6,0.875245,0.364429
"410926210002",T+6,2.653730,0.153002
"410926210003",T+6,1.102152,0.691355
"410927210001",T+6,0.892803,0.313566
"410927210002",T+6,0.556338,0.311970
"410928210001",T+6,1.313950,0.611036
"410928210003",T+6,0.960741,0.247650
"410928210004",T+6,0.708713,0.465546
"410928210005",T+6,1.181587,0.155069
"410928210006",T+6,1.288199,0.410006
"410928210007",T+6,0.701395,0.412192
"110102210003",overall,0.314911,0.983289
"110102210004",overall,0.228447,0.987829
"110105210002",overall,0.139789,0.885055
"110105210004",overall,0.343308,0.954036
"110105210023",overall,0.484279,0.806458
"110105210024",overall,0.476693,0.622924
"110106210001",overall,0.303394,0.964412
"110106210003",overall,0.231678,0.985296
"110106210006",overall,0.277443,0.984751
"110107210001",overall,0.752804,0.973215
"110107210002",overall,1.007972,0.939799
"110107210003",overall,0.703270,0.979911
"110108210001",overall,0.341897,0.974401
"110108210003",overall,0.817247,0.786012
"110108210006",overall,1.103248,0.599165
"110108210008",overall,0.888587,0.840587
"110108210011",overall,1.462485,0.972895
"110108210013",overall,0.661306,-0.160707
"110108210016",overall,1.696146,0.904521
"110111210001",overall,0.387667,0.887070
"110111210006",overall,0.290686,0.913246
"110111210007",overall,0.507881,0.772991
"110111210008",overall,0.227763,0.935376
"110111210009",overall,0.684922,0.808476
"110111210010",overall,0.892600,0.645621
"110111210012",overall,1.075377,0.593306
"110111210013",overall,0.714311,0.846259
"110111210014",overall,0.308299,0.888852
"110111210015",overall,0.545799,0.877761
"110111210016",overall,0.352474,0.929822
"110112210004",overall,0.167536,0.969084
"110112210005",overall,0.614468,-0.136846
"110112210007",overall,0.349170,0.866655
"110112210008",overall,0.494597,0.860365
"110112210009",overall,0.704298,0.720316
"110112210012",overall,0.798720,0.778315
"110112210015",overall,0.762386,0.750087
"110112210019",overall,0.837443,0.676705
"110112210022",overall,1.139293,0.748686
"110112210024",overall,0.601741,0.690567
"110113210001",overall,0.619539,0.937145
"110113210004",overall,0.462736,0.694173
"110113210007",overall,0.992298,0.975804
"110113210010",overall,1.551586,0.677211
"110113210013",overall,0.916764,0.974752
"110113210017",overall,0.416093,0.872288
"110113210021",overall,0.180817,0.953425
"110113210026",overall,0.233914,0.896228
"110113210027",overall,0.739072,0.985617
"110113210028",overall,0.853450,0.972998
"110113210029",overall,1.105228,0.956382
"110113210030",overall,0.862831,0.983254
"110113210033",overall,0.185802,0.984350
"110113210035",overall,0.396459,0.982493
"110113210036",overall,1.103835,0.958124
"110113210037",overall,0.233167,0.932417
"110113210041",overall,0.318122,0.972500
"110113210044",overall,0.609138,0.981587
"110113210045",overall,0.399937,0.963123
"110113210047",overall,0.941321,0.803411
"110113210050",overall,0.240380,0.917083
"110113210054",overall,1.562358,0.800596
"110113210056",overall,0.557430,0.982659
"110114210001",overall,0.092853,0.980174
"110114210005",overall,0.542623,0.772576
"110114210007",overall,1.151012,0.511145
"110114210009",overall,0.487117,0.842140
"110114210013",overall,0.626177,0.878079
"110114210018",overall,0.603352,0.910166
"110114210019",overall,0.618847,0.894398
"110114210022",overall,0.387532,0.957189
"110114210030",overall,0.433309,0.974549
"110114210032",overall,0.748805,0.906135
"110114210036",overall,0.196910,0.959545
"110114210037",overall,0.289646,0.854895
"110115210003",overall,0.227942,0.966217
"110115210004",overall,0.355967,0.752007
"110115210006",overall,0.348600,0.942481
"110115210008",overall,0.060201,0.952717
"110115210010",overall,0.207396,0.666048
"110115210012",overall,0.324842,0.802351
"110115210015",overall,0.508932,0.855825
"110115210019",overall,0.256554,0.786029
"110115210021",overall,0.452917,0.947185
"110115210022",overall,0.212930,0.844729
"110115210025",overall,0.415219,0.936900
"110116210001",overall,0.904322,0.980182
"110116210002",overall,0.853043,0.978567
"110116210003",overall,0.891704,0.982059
"110116210004",overall,0.225566,0.980549
"110116210008",overall,1.297233,0.953216
"110117210001",overall,0.775849,0.974300
"110117210004",overall,1.165016,0.881405
"110117210006",overall,0.658069,0.977884
"110117210007",overall,0.728865,0.977078
"110117210014",overall,1.960589,0.956161
"110117210015",overall,1.257831,0.971420
"110117210016",overall,1.336564,0.972790
"110117210020",overall,1.065084,0.976175
"110117210022",overall,1.321967,0.881863
"110228210001",overall,1.396286,0.910256
"110228210002",overall,1.435058,0.777946
"110228210003",overall,0.911458,0.972082
"110228210005",overall,0.767170,0.970755
"120107210350",overall,0.207870,0.805962
"120107210359",overall,0.603744,0.599560
"120108210355",overall,0.294245,0.376892
"120108210364",overall,0.226209,0.878252
"120108210366",overall,1.317486,0.711930
"120109210426",overall,4.626618,0.417953
"120110210004",overall,0.955008,0.463007
"120110210120",overall,0.174980,0.943354
"120110210122",overall,0.244960,0.798361
"120110210129",overall,0.347473,0.257590
"120111210303",overall,0.312102,0.630396
"120111210304",overall,0.745441,0.699394
"120111210305",overall,0.239591,0.005633
"120111210312",overall,0.482914,0.365098
"120112210023",overall,0.162736,0.914683
"120112210036",overall,0.243173,0.642499
"120112210105",overall,0.806196,0.673876
"120112210107",overall,0.229257,0.464691
"120112210108",overall,0.476038,0.454288
"120112210109",overall,1.294874,0.609721
"120112210110",overall,0.531219,0.233928
"120112210112",overall,0.165512,0.819672
"120113210006",overall,0.232486,0.435363
"120114210009",overall,0.153677,0.189577
"120115210010",overall,1.651825,0.899694
"120116210052",overall,0.430535,0.484545
"120116210054",overall,0.077518,0.641958
"120116210061",overall,0.531314,0.336545
"120116210063",overall,0.055709,0.897944
"120116210064",overall,0.208525,0.623582
"120116210068",overall,0.856213,0.834809
"120116210069",overall,0.411848,0.787466
"120116210075",overall,0.152094,-1.085015
"120116210076",overall,0.166209,-0.251911
"120221210003",overall,0.305620,0.637595
"120221210036",overall,0.279331,0.565917
"120221210037",overall,0.227570,0.580195
"120221210039",overall,0.254924,0.655611
"120221210041",overall,0.263433,0.653611
"120221210042",overall,0.200666,0.814724
"120221210044",overall,0.214772,0.839360
"120221210046",overall,0.345668,0.666240
"120221210049",overall,0.790113,0.254763
"120221210051",overall,0.208972,0.858905
"120221210214",overall,0.452236,0.501993
"120221210346",overall,0.218426,0.837200
"120222210001",overall,0.551187,0.266348
"120222210024",overall,0.422427,0.267262
"120222210044",overall,0.186159,0.957973
"120222210045",overall,0.523987,0.735904
"120222210103",overall,1.737808,0.598590
"120222210107",overall,0.205586,0.813315
"120222210113",overall,0.262818,0.709838
"120222210117",overall,0.227355,0.106511
"120222210118",overall,0.609914,0.623042
"120222210127",overall,0.187967,0.879656
"120222210131",overall,2.378789,0.132363
"120222210135",overall,1.800818,0.722252
"120222210136",overall,1.003913,0.403227
"120222210140",overall,0.554302,0.422141
"120222210141",overall,0.672662,0.069369
"120222210142",overall,0.371048,0.642882
"120222210143",overall,0.282899,0.446612
"120222210153",overall,0.271934,0.562464
"120222210155",overall,0.483874,0.749582
"120222210162",overall,0.261473,0.501005
"120223210044",overall,0.154174,0.547881
"120223210049",overall,0.818046,0.579018
"120223210057",overall,0.211165,0.167158
"120223210067",overall,0.173999,0.700250
"120223210069",overall,0.227966,0.580885
"120224210009",overall,0.068078,0.861240
"120224210029",overall,0.151762,0.372756
"120224210030",overall,0.199552,0.634640
"120224210032",overall,0.290554,0.489891
"120224210033",overall,0.666900,0.531337
"120224210034",overall,0.312220,0.480677
"120224210037",overall,0.372146,0.373451
"120224210138",overall,0.358242,0.825650
"120224210214",overall,0.377354,0.792212
"120224210220",overall,0.210473,0.747973
"120224210222",overall,0.392215,0.327570
"120224210223",overall,0.418317,-0.302667
"120224210228",overall,0.231321,0.948630
"120224210230",overall,0.261246,0.547857
"120224210237",overall,0.315447,0.301777
"120224210239",overall,0.042780,0.973194
"120224210240",overall,0.214733,0.475228
"120224210242",overall,0.794960,0.291344
"120224210243",overall,0.259090,0.047832
"120224210244",overall,0.270713,-0.084152
"120224210251",overall,0.903698,0.401785
"120224210308",overall,0.209212,0.181415
"120224210312",overall,0.345833,0.767088
"120225210011",overall,0.643209,-0.206915
"120225210013",overall,0.680834,0.347503
"120225210017",overall,0.778658,0.285047
"120225210069",overall,1.751817,0.303655
"120225210070",overall,0.720379,0.793315
"120225210071",overall,1.634942,0.345618
"120225210072",overall,0.330362,0.619593
"120225210073",overall,0.504269,0.474539
"120225210074",overall,0.799229,0.739660
"120225210076",overall,0.320321,0.727915
"120225210077",overall,0.535330,0.086622
"120225210078",overall,0.544065,0.246674
"120225210114",overall,0.689285,0.720227
"120225210216",overall,2.009768,-0.545793
"120225210218",overall,1.127156,0.608115
"120225210326",overall,0.457239,0.728243
"120225210327",overall,0.759805,-0.978944
"120225210328",overall,0.192796,0.400851
"120225210329",overall,1.055867,0.327121
"120225210337",overall,0.279308,0.960781
"120225210341",overall,0.870903,0.644939
"120225210342",overall,0.251670,0.611737
"120225210343",overall,1.381161,0.450565
"120225210344",overall,0.348302,0.766904
"120225210346",overall,0.931386,0.442627
"120225210348",overall,0.640828,0.655707
"120225210349",overall,0.315714,0.322012
"130108210244",overall,0.149497,0.983666
"130108210247",overall,0.591137,0.545675
"130108210262",overall,0.136304,0.981848
"130123210308",overall,0.181721,0.960559
"130129210599",overall,1.517194,0.974989
"130132210417",overall,0.656257,0.958723
"130132210602",overall,0.478841,0.980464
"130133210236",overall,0.726519,-0.064197
"130133210603",overall,0.655617,0.387856
"130181210400",overall,0.522314,0.855255
"130181210403",overall,1.067526,0.443357
"130181210405",overall,0.431915,0.899973
"130181210406",overall,0.538620,0.750493
"130182210227",overall,0.950972,0.595308
"130182210606",overall,0.547522,0.907440
"130183210608",overall,0.515957,0.619496
"130200210377",overall,0.997554,0.923773
"130200210380",overall,0.534570,0.801765
"130200210383",overall,1.073626,0.294136
"130200210395",overall,1.611045,0.231136
"130200210441",overall,0.572025,0.931647
"130201210445",overall,0.444454,0.871089
"130201210458",overall,0.402041,0.648715
"130208210438",overall,0.424699,0.863809
"130223210470",overall,0.576663,0.518433
"130224210490",overall,1.064973,0.676583
"130225210428",overall,0.182782,0.867478
"130225210447",overall,0.278499,0.912381
"130225210449",overall,0.667492,0.536858
"130225210450",overall,0.385729,0.877245
"130225210452",overall,0.183770,0.911953
"130225210453",overall,0.316569,0.804715
"130225210502",overall,0.386618,0.827640
"130225210504",overall,0.348532,0.862940
"130225210515",overall,0.413211,0.797735
"130229210427",overall,0.546415,0.916939
"130230210478",overall,0.213105,0.521108
"130230210485",overall,1.010123,0.862627
"130230210491",overall,0.387196,0.822768
"130230210494",overall,0.175014,0.833877
"130283210472",overall,0.240048,0.883709
"130304210544",overall,0.130765,0.869181
"130304210547",overall,0.167684,0.849950
"130304210550",overall,0.167187,0.775700
"130322210354",overall,0.474930,0.855148
"130322210356",overall,0.281397,0.818019
"130322210521",overall,0.289385,0.836091
"130322210522",overall,0.287965,0.861320
"130322210531",overall,0.282124,0.783201
"130402210207",overall,0.735525,0.771103
"130421210212",overall,0.236729,0.516208
"130421210213",overall,0.683840,0.757293
"130421210214",overall,0.579967,0.772560
"130421210215",overall,0.956921,0.791667
"130421210216",overall,0.085741,0.704881
"130423210224",overall,0.429244,0.808061
"130425210193",overall,0.331240,0.709844
"130425210194",overall,1.674959,0.077846
"130425210197",overall,0.357742,0.578325
"130427210187",overall,0.845098,0.848413
"130428210200",overall,2.028346,0.762384
"130430210228",overall,1.360141,0.630614
"130435210230",overall,1.422288,0.755527
"130523210514",overall,0.804366,0.625454
"130524210495",overall,2.685261,0.575168
"130524210497",overall,0.294590,0.770634
"130525210505",overall,4.291801,0.653549
"130525210510",overall,0.436806,0.422347
"130525210511",overall,1.771659,0.839284
"130525210512",overall,1.973155,0.819590
"130526210540",overall,2.798808,0.686110
"130526210605",overall,2.297045,0.888276
"130527210518",overall,0.572793,0.894611
"130527210519",overall,0.701420,0.794488
"130529210500",overall,0.859410,0.558077
"130530210546",overall,0.554743,0.581091
"130530210548",overall,1.831921,0.548433
"130532210527",overall,1.234576,0.785876
"130532210530",overall,0.364434,0.847181
"130532210532",overall,1.882269,0.704627
"130533210498",overall,0.141540,0.872128
"130533210541",overall,0.595595,0.698408
"130534210534",overall,0.309777,0.551404
"130534210535",overall,0.448553,0.740415
"130535210506",overall,0.626444,0.782065
"130535210513",overall,0.957974,0.762004
"130581210516",overall,0.713401,0.550210
"130602210019",overall,0.376806,0.642744
"130602210040",overall,0.784615,0.655627
"130602210121",overall,0.752638,0.727832
"130602210132",overall,0.563183,0.796667
"130602210136",overall,0.480956,0.610737
"130602210146",overall,0.787834,0.697840
"130602210153",overall,0.779894,0.672529
"130602210155",overall,0.696482,0.744494
"130602210158",overall,0.712176,0.806966
"130621210036",overall,0.728899,0.854932
"130621210037",overall,0.891353,0.874131
"130621210120",overall,0.850754,0.877131
"130621210121",overall,0.948545,0.705626
"130625210055",overall,1.100105,0.121358
"130625210198",overall,1.020578,0.913814
"130626210011",overall,0.463697,0.848005
"130626210012",overall,1.131250,0.676561
"130626210014",overall,0.359885,0.855900
"130626210196",overall,0.478680,0.635727
"130628210021",overall,0.454470,0.880000
"130628210023",overall,0.715643,0.636510
"130631210049",overall,0.606617,0.537607
"130631210050",overall,0.386019,0.754278
"130631210189",overall,0.630757,0.445471
"130632210008",overall,0.523069,0.751881
"130634210044",overall,0.773692,-0.194265
"130635210033",overall,1.437220,0.716364
"130636210047",overall,0.284631,0.519532
"130638210005",overall,0.918214,0.766037
"130638210053",overall,0.595125,0.807449
"130681210059",overall,0.814164,0.820330
"130681210061",overall,0.258178,0.846903
"130681210063",overall,0.574581,0.849313
"130682210018",overall,0.253931,0.715255
"130682210174",overall,0.474945,0.667100
"130682210175",overall,0.500200,0.729058
"130683210003",overall,0.847548,0.435592
"130902210035",overall,0.257046,0.719590
"130902210039",overall,0.341332,0.475655
"130902210041",overall,0.336107,0.614752
"130902210042",overall,0.307895,0.553022
"130902210043",overall,0.289123,0.595652
"130902210481",overall,0.120172,0.833560
"130903210131",overall,0.472489,0.788308
"130903210152",overall,0.615591,0.870973
"130921210073",overall,0.476556,0.875784
"130921210077",overall,0.268450,0.906657
"130921210078",overall,0.254921,0.732058
"130921210079",overall,0.265990,0.290395
"130921210085",overall,0.335715,0.868593
"130921210089",overall,0.281346,0.872906
"130922210137",overall,0.325329,0.538446
"130922210138",overall,0.253670,0.765008
"130922210142",overall,0.334367,0.951043
"130923210093",overall,0.525854,0.904113
"130924210476",overall,0.205677,0.849811
"130924210477",overall,0.063767,0.838959
"130925210160",overall,0.411452,0.746516
"130925210162",overall,0.650376,0.846190
"130925210165",overall,0.921000,-0.038673
"130927210134",overall,1.076709,0.710308
"130927210135",overall,0.735805,0.749050
"130928210094",overall,0.525229,0.945362
"130929210159",overall,0.200831,0.966169
"130981210065",overall,0.510726,0.916994
"130981210069",overall,3.584262,0.844887
"130981210070",overall,0.261725,0.985395
"130981210072",overall,0.835803,0.657476
"130982210143",overall,0.491469,0.681868
"130982210144",overall,0.533203,0.658101
"130982210145",overall,0.342392,0.929451
"130982210147",overall,0.248036,0.844665
"130982210151",overall,3.243613,0.728416
"130983210118",overall,0.630165,0.434763
"130983210486",overall,0.226202,0.824787
"130983210487",overall,0.219560,0.554584
"130984210101",overall,0.160956,0.938066
"130984210105",overall,0.314944,0.893020
"130984210109",overall,0.373458,0.519210
"131001210336",overall,0.192747,0.821458
"131002210316",overall,0.600794,0.745192
"131002210327",overall,0.215137,0.896800
"131002210328",overall,0.169723,0.899476
"131002210471",overall,0.315832,0.900674
"131003210322",overall,0.256363,0.914932
"131022210313",overall,0.577223,0.889611
"131023210348",overall,0.539547,0.794778
"131023210352",overall,1.138148,0.807588
"131024210342",overall,0.811653,0.695666
"131024210343",overall,1.094405,0.418846
"131025210319",overall,0.328757,0.818849
"131026210340",overall,1.222965,-0.153979
"131026210341",overall,0.272177,0.807717
"131081210307",overall,0.383657,0.889770
"131082210331",overall,2.827935,0.203978
"131082210335",overall,2.211155,0.834143
"131102210002",overall,0.216900,0.620265
"131102210353",overall,0.858965,-0.144139
"131102210357",overall,0.555678,0.821825
"131121210295",overall,0.404890,0.907463
"131122210292",overall,1.061599,0.871721
"131123210288",overall,1.043007,0.865044
"131127210271",overall,1.705614,0.606531
"131127210277",overall,1.082023,-0.020010
"131182210283",overall,0.473231,0.188722
"131182210302",overall,0.627287,0.820654
"370125210005",overall,1.517690,0.149558
"370125210006",overall,0.711103,0.249757
"370126210003",overall,0.948138,0.473499
"370126210006",overall,0.572657,0.729931
"370503210002",overall,0.132478,0.807607
"370503210003",overall,0.060201,0.663776
"371402210001",overall,1.473904,0.584608
"371402210004",overall,0.462596,0.822096
"371402210009",overall,0.342748,0.816365
"371402210012",overall,0.494088,0.891597
"371421210001",overall,0.380660,0.441628
"371421210002",overall,1.317550,0.349972
"371421210006",overall,0.295228,0.938628
"371421210007",overall,0.391241,0.505123
"371421210008",overall,0.445878,0.808146
"371421210009",overall,1.145846,0.652886
"371421210010",overall,0.972227,0.657232
"371421210012",overall,0.757558,0.728837
"371422210001",overall,1.760788,0.702433
"371423210001",overall,0.215142,0.804284
"371423210002",overall,0.303376,0.576524
"371423210003",overall,0.202868,0.557486
"371424210001",overall,0.671149,0.585054
"371424210002",overall,1.593416,0.166483
"371424210004",overall,0.468630,0.775501
"371424210007",overall,0.379610,0.425938
"371425210001",overall,0.466065,0.810431
"371425210006",overall,1.727679,0.229617
"371426210001",overall,0.496872,0.349748
"371426210002",overall,0.487251,0.561893
"371426210003",overall,0.810301,0.584417
"371427210001",overall,1.039167,0.745364
"371427210004",overall,1.412448,0.428711
"371427210005",overall,0.773334,0.552668
"371427210006",overall,0.831661,0.909202
"371427210007",overall,0.752244,0.743171
"371428210003",overall,0.570459,0.919978
"371428210006",overall,0.826995,0.734075
"371481210006",overall,0.544226,0.813675
"371481210007",overall,0.504573,0.857502
"371481210008",overall,0.487000,0.608860
"371481210010",overall,0.181944,0.908321
"371481210011",overall,0.415876,0.609720
"371482210004",overall,0.590542,0.558931
"371482210005",overall,0.586966,0.557621
"371502210001",overall,0.585917,0.725418
"371502210004",overall,0.851425,0.476519
"371502210007",overall,0.636518,0.921129
"371502210008",overall,0.752047,0.733581
"371502210010",overall,0.679223,0.800772
"371502210011",overall,0.898145,0.783787
"371521210001",overall,1.536072,0.721695
"371521210002",overall,0.854896,0.381166
"371522210002",overall,0.177931,0.919660
"371522210004",overall,1.070643,-0.040151
"371522210006",overall,1.905941,0.721800
"371523210004",overall,1.274181,0.847320
"371524210001",overall,0.769909,0.733137
"371524210002",overall,1.457054,0.525045
"371524210003",overall,1.163453,0.729805
"371525210001",overall,0.512662,0.758307
"371525210003",overall,1.671400,0.778431
"371526210001",overall,0.729769,0.696882
"371526210004",overall,0.795691,0.813370
"371526210006",overall,0.616902,0.829517
"371581210001",overall,0.700495,0.784446
"371581210003",overall,2.438833,0.674403
"371581210004",overall,1.627411,0.752753
"371581210005",overall,1.430025,0.487166
"371581210006",overall,1.527258,0.779791
"371603210001",overall,0.237930,0.421054
"371603210002",overall,0.852521,0.292785
"371603210004",overall,0.146087,0.620316
"371603210006",overall,0.293822,0.686800
"371621210001",overall,0.460772,0.792056
"371621210005",overall,0.246236,0.594140
"371621210006",overall,0.411198,0.684250
"371621210010",overall,0.555357,0.684594
"371621210012",overall,0.542653,0.714215
"371622210001",overall,0.269676,0.747044
"371622210004",overall,0.370398,0.439921
"371623210001",overall,0.158696,0.676953
"371623210002",overall,0.215516,0.701727
"371624210001",overall,0.280413,0.627220
"371624210004",overall,0.484161,0.538407
"371624210005",overall,1.993717,0.850616
"371624210006",overall,0.217532,0.926794
"371624210007",overall,0.410375,0.432441
"371625210006",overall,1.852906,0.311749
"410502210001",overall,0.676406,0.739294
"410522210003",overall,4.067010,0.716712
"410522210004",overall,1.210353,0.912569
"410523210001",overall,1.393411,0.577780
"410523210003",overall,8.338477,0.826994
"410526210001",overall,0.163521,0.806674
"410526210002",overall,0.229827,0.940206
"410526210003",overall,0.161718,0.922355
"410526210004",overall,0.200615,0.773049
"410526210005",overall,0.208374,0.830127
"410526210006",overall,0.791210,0.012978
"410526210007",overall,0.082528,0.861422
"410526210008",overall,1.485690,0.655958
"410526210009",overall,0.139931,0.901341
"410526210011",overall,0.394185,0.242203
"410526210012",overall,1.121929,0.020778
"410527210001",overall,0.585747,0.918827
"410527210002",overall,0.191436,0.947604
"410527210003",overall,1.155476,-0.356357
"410527210005",overall,0.459395,0.860516
"410527210006",overall,0.249952,0.832944
"410527210007",overall,0.119113,0.823989
"410527210009",overall,0.291047,0.835534
"410621210002",overall,0.975739,0.710240
"410621210006",overall,0.890771,0.666869
"410622210001",overall,1.648488,0.893063
"410725210001",overall,0.437241,0.910480
"410725210002",overall,0.437841,0.828391
"410726210001",overall,1.373700,0.645858
"410726210002",overall,0.229146,0.889134
"410726210004",overall,0.222755,0.957860
"410727210001",overall,0.553847,0.787947
"410727210002",overall,1.125043,0.516072
"410728210001",overall,1.144397,0.516307
"410728210002",overall,0.650303,0.583995
"410781210001",overall,2.109955,0.925124
"410781210002",overall,0.453537,0.962601
"410922210001",overall,0.180182,0.920890
"410922210002",overall,0.233253,0.908382
"410922210003",overall,0.565561,0.670371
"410922210004",overall,0.277871,0.918792
"410923210001",overall,0.699961,0.697428
"410923210003",overall,2.110743,0.170120
"410926210001",overall,0.741979,0.559283
"410926210002",overall,2.102433,0.395477
"410926210003",overall,0.846225,0.821313
"410927210001",overall,0.769711,0.485208
"410927210002",overall,0.427842,0.590986
"410928210001",overall,1.097469,0.729471
"410928210003",overall,0.796493,0.486441
"410928210004",overall,0.600998,0.613675
"410928210005",overall,0.976496,0.422319
"410928210006",overall,1.117688,0.553174
"410928210007",overall,0.551967,0.635483
